Keyword,Volume,Keyword Difficulty,CPC (USD),Competitive Density,Number of Results,Intent,SERP Features,Trend
how many periods in basketball,4400,47,0.00,0.00,0,Informational,"Carousel, Featured snippet, People also ask, Site links, Video","0.10,0.19,0.19,0.07,0.03,0.13,0.54,0.66,1.00,0.66,0.66,0.44"
how many periods are in basketball,1900,48,0.00,0.00,0,Informational,"Carousel, Featured snippet, People also ask, Site links, Video","0.05,0.10,0.10,0.03,0.02,0.07,0.44,1.00,0.81,0.66,0.53,0.24"
what is a charge in basketball,1300,32,0.00,0.00,130000000,Informational,"Featured snippet, Image pack, People also ask, Reviews, Site links, Video carousel","0.34,0.24,0.30,0.16,0.16,0.30,0.55,0.55,0.55,0.65,1.00,0.55"
how do you spell basketball,880,25,0.00,0.00,15400000,Informational,"Instant answer, People also ask, Reviews, Video carousel, Video","0.37,0.31,0.25,0.37,0.46,0.52,0.46,0.52,1.00,0.37,0.37,0.37"
how to spell basketball,260,16,0.00,0.00,14100000,Informational,"Instant answer, People also ask, Reviews, Video carousel, Video","0.81,0.44,0.15,0.36,0.36,0.36,0.44,0.36,0.44,0.29,0.29,0.12"
what is charging in basketball,210,31,0.00,0.00,47700000,Informational,"Featured snippet, People also ask, Reviews, Site links, Video carousel, Video","0.44,0.29,0.09,0.05,0.04,0.06,0.44,0.44,0.44,0.29,0.36,0.19"
how many periods are there in basketball,170,45,0.00,0.00,0,Informational,"Carousel, Featured snippet, People also ask, Site links","0.02,0.01,0.03,0.01,0.01,0.02,0.13,0.16,0.13,0.11,0.11,0.01"
what is sweet 16 basketball,170,57,0.31,0.00,71400000,Informational,"Featured snippet, People also ask, Site links, Video carousel","0.00,0.00,0.00,0.01,0.00,0.01,0.02,0.01,0.01,0.03,1.00,0.02"
how many period in basketball,140,46,0.00,0.00,0,Informational,"Carousel, Featured snippet, People also ask, Site links","0.04,0.07,0.04,0.01,0.00,0.04,0.44,1.00,0.00,0.00,0.00,0.00"
what is a walk in basketball,140,38,0.00,0.00,182000000,Informational,"Featured snippet, Image pack, People also ask, Site links, Video carousel","0.42,0.42,0.34,0.19,0.15,0.34,0.53,0.80,0.80,0.80,1.00,0.15"
when does basketball end,140,74,0.00,0.01,0,Informational,"Carousel, Featured snippet, People also ask, Site links","1.00,0.28,0.07,0.07,0.07,0.07,0.28,0.28,0.35,0.35,0.53,0.35"
a'ja wilson basketball,110,56,0.00,0.83,943000,"Informational, Transactional","Image pack, Knowledge panel, People also ask, Reviews, Site links, Video carousel, Video","0.00,0.03,0.09,0.03,0.65,0.65,0.81,1.00,0.00,0.00,0.06"
when is the parade for ku basketball,110,,0.00,0.00,,,,1.00
who is russell wilson sister basketball stanford,110,50,0.00,0.00,2020000,Informational,"Featured snippet, Image pack, People also ask, Site links, Video carousel","1.00,0.45"
how to gain confidence in basketball,90,23,0.91,0.03,8800000,Informational,"Featured snippet, People also ask, Reviews, Site links, Video carousel, Video","0.41,0.41,0.41,0.29,0.41,0.41,0.82,0.64,1.00,0.52,0.52,0.52"
how to learn basketball tricks,90,44,0.00,0.00,34300000,Informational,"Featured snippet, Image pack, People also ask, Reviews, Site links, Video carousel","0.04,0.04,1.00,0.04,0.04,0.04,0.04,0.04,0.04,0.04,0.02,0.02"
what is the live period in basketball,90,35,0.00,0.00,74000000,Informational,"Featured snippet, People also ask, Site links, Video","0.10,0.10,0.22,0.06,0.06,0.06,0.06,0.06,0.06,0.06,0.04,0.35"
which of the following constitutes illegal contact in basketball,90,51,0.00,0.00,60600000,Informational,"Featured snippet, People also ask, Video","0.65,1.00,0.11,0.11,0.11,0.07,0.07"
how many periods does basketball have,70,42,0.00,0.00,0,Informational,"Carousel, Featured snippet, People also ask, Site links","0.63,0.27,0.27,0.27,0.27,0.27,1.00,1.00,1.00,1.00,0.18,0.18"
how to be more confident in basketball,70,19,0.00,0.02,22200000,Informational,"Featured snippet, People also ask, Reviews, Video carousel, Video","0.17,0.17,0.29,0.17,0.29,0.41,0.64,0.64,1.00,0.52,0.41,0.29"
how to measure a basketball,70,57,0.00,0.03,98500000,Informational,"Image pack, People also ask, Reviews, Site links, Video carousel, Video","0.19,0.19,0.14,0.14,0.14,0.14,1.00,0.14,0.33,0.14,0.14,0.09"
how to read basketball odds,70,54,6.58,0.06,24000000,Informational,"FAQ, Featured snippet, People also ask, Reviews, Site links, Video","0.11,0.02,0.01,0.01,0.01,0.01,0.01,0.01,0.01,0.01,0.05,0.01"
what is zone in basketball,70,41,0.00,0.00,137000000,Informational,"FAQ, Featured snippet, Image pack, People also ask, Site links, Video carousel, Video","0.63,0.63,0.27,0.27,0.27,0.27,1.00,1.00,1.00,1.00,1.00,0.18"
how many periods in pro basketball,50,37,0.00,0.00,7760000,Informational,"Featured snippet, People also ask, Site links, Video","0.14,0.14,0.14,0.14,0.14,0.14,0.14,0.14,0.14,0.14,0.09,0.52"
how to be confident in basketball,50,24,0.00,0.00,24200000,Informational,"Featured snippet, Image pack, People also ask, Reviews, Site links, Video","0.44,0.44,0.44,0.33,0.44,0.55,0.77,0.77,1.00,0.33,0.55,0.33"
how to spell basketball in spanish,50,24,0.00,0.00,6640000,Informational,"Instant answer, People also ask, Reviews, Site links, Video","0.21,0.21,0.21,0.78,1.00,1.00,0.21,0.21,0.21,0.21,0.14,0.14"
is the tiffany basketball real,50,47,0.00,0.57,87,Informational,"Featured snippet, Image, Image pack, Reviews, Video","0.23,0.23,0.33,0.14,0.14,0.14,0.14,0.14,0.14,0.14,0.09,0.09"
is the zone real in basketball,50,41,0.00,0.00,48600000,Informational,"Featured snippet, People also ask, Reviews, Site links, Video carousel","0.14,0.14,0.42,0.14,0.52,0.14,1.00,0.42,0.14,0.14,0.09,0.09"
what is a blue blood basketball program,50,35,0.00,0.00,15300000,Informational,"Featured snippet, People also ask, Reviews, Site links, Video","0.07,0.00,1.00,1.00"
what is a charge basketball,50,29,0.00,0.00,89900000,Informational,"Featured snippet, People also ask, Reviews, Site links, Video carousel","0.17,0.17,0.17,0.17,0.17,0.17,0.23,0.17,0.17,0.29,0.52,0.41"
what is a hat trick in basketball,50,31,0.00,0.00,11300000,Informational,"Featured snippet, People also ask, Video","1.00,0.09,0.09,0.09,0.09,0.09,0.09,0.09,0.09,0.09,0.06,0.06"
what is drop coverage in basketball,50,38,0.00,0.00,25400000,Informational,"Featured snippet, People also ask, Site links, Video carousel, Video","0.09,1.00,1.00,0.27,0.27,0.27,0.27,0.27,0.27,0.27,1.00,1.00"
what is ku basketball being investigated for,50,,0.00,0.00,,,,1.00
what is spalding basketball,50,56,0.00,0.40,15100000,Informational,"Featured snippet, Image, People also ask, Reviews, Site links, Video carousel","0.00,0.00,1.00,0.64,0.21,0.21,0.78,1.00,0.21,0.21,0.14,0.14"
a charge in basketball,40,29,0.00,0.00,114000000,Informational,"Featured snippet, People also ask, Site links, Video carousel","0.33,0.33,0.33,0.33,0.33,0.33,0.44,0.55,0.77,0.55,0.44,0.44"
a ja wilson basketball,40,57,0.00,0.83,6940000,Informational,"Image pack, Knowledge panel, People also ask, Reviews, Site links, Video carousel, Video","0.27,0.27,0.27,1.00,0.27,0.27,0.27,0.27,0.27,0.27,0.18,0.18"
a sea of blue uk basketball,40,64,0.00,0.00,36,Informational,"Image pack, Twitter, Video","0.09,1.00,0.27,0.27,0.27,0.27,0.27,0.27,0.27,0.27,1.00,0.18"
de runnya wilson basketball,40,12,0.00,0.00,64400,Informational,"Image, Image pack, Video carousel, Video","0.00,0.11,0.11,0.11,0.00,0.11,0.00,0.11,0.11,0.00,0.07,0.07"
how to assemble spalding 54 basketball,40,53,0.00,0.08,67,Informational,"Featured snippet, People also ask, Reviews, Video","0.11,0.11,0.11,0.11,0.11,0.11,0.11,0.42,0.11,0.11,0.07,0.07"
how to boost confidence in basketball,40,22,0.00,0.10,14000000,Informational,"Featured snippet, Image pack, People also ask, Site links, Video carousel","1.00,0.27,0.27,0.27,0.27,0.27,0.27,0.27,0.27,0.27,0.18,0.18"
how to do cool basketball tricks,40,42,0.00,0.03,31200000,Informational,"Featured snippet, Image pack, People also ask, Reviews, Site links, Video","0.64,0.17,0.17,0.17,0.17,0.17,0.17,0.17,0.17,0.17,0.11,0.11"
how to do tricks in basketball,40,48,0.00,0.00,23900000,Informational,"Featured snippet, Image pack, People also ask, Reviews, Site links, Video","0.21,0.21,0.21,1.00,0.35,0.21,0.21,0.21,0.21,0.21,0.14,0.14"
how to edit a basketball video,40,38,0.00,0.29,79800000,Informational,"Featured snippet, People also ask, Reviews, Video","1.00,0.27,0.27,0.27,0.27,0.27,0.27,0.27,0.27,0.27,0.18,0.18"
how to remove permanent marker from leather basketball,40,29,0.00,0.00,67,Informational,"Image pack, People also ask, Reviews, Site links, Video","0.52,0.14,0.14,0.14,0.14,0.14,0.14,0.14,0.14,0.14,0.09,0.09"
what country is basketball from,40,,0.00,0.00,,,,"1.00,0.17,0.17,0.17,0.17,0.17,0.17,0.17,0.17,0.17,0.11,0.11"
what is illegal in the restricted area in basketball,40,,0.00,0.00,,,,"0.27,0.27,0.27,0.27,0.27,0.27,0.27,0.27,0.27,0.27,1.00,0.18"
what is the zone in basketball,40,,0.00,0.00,,,,"0.64,0.17,0.17,0.17,0.17,0.17,0.17,0.17,0.17,0.17,0.11,0.11"
what is zone basketball,40,,0.00,0.00,,,,"0.00,0.00,0.00,0.00,0.00,0.00,0.27,1.00,1.00,1.00,0.18"
what is zone defence in basketball,40,,0.00,0.00,,,,"1.00,0.27,0.27,0.27,0.27,0.27,0.27,0.27,0.27,0.27,0.18,0.18"
where are spalding basketballs manufactured,40,28,0.00,0.00,76900,Informational,"Featured snippet, Image, People also ask, Reviews, Video","0.80,0.14,0.14,0.14,0.14,0.14,0.14,0.14,0.14,0.14,0.09,0.00"
where are wilson basketballs manufactured,40,,0.00,0.47,,,,"1.00,0.27,0.27,0.27,0.27,0.27,0.27,0.27,0.27,0.36,0.27,0.27"
a spalding basketball,30,,0.00,1.00,,,,"0.26,0.11,0.11,0.11,0.11,0.11,0.11,0.11,0.11,0.11,0.07,0.07"
a wilson basketball,30,,0.00,1.00,,,,"0.09,0.27,0.27,1.00,0.27,0.27,0.27,0.27,0.27,0.27,0.18,0.18"
are basketballs leather,30,,0.00,0.21,,,,"0.42,0.42,0.42,0.42,0.42,0.42,0.42,0.42,0.42,0.42,0.28,0.28"
de sousa ku basketball,30,,0.00,0.00,,,,"0.25,0.75,0.75,0.75,0.75,0.75,0.75,0.75,0.75,0.75,0.50,0.50"
how do u spell basketball in spanish,30,,0.00,0.00,,,,"0.27,0.27,0.27,0.27,0.27,0.27,0.27,0.27,0.27,0.27,0.18,0.18"
how do you measure a basketball,30,,0.00,0.00,,,,"0.33,1.00,1.00,1.00,1.00,1.00,1.00,1.00,1.00,1.00,0.66,0.66"
how do you spell basketball in french,30,,0.00,0.00,,,,"0.42,0.42,0.00,0.42,0.42,0.42,0.42,0.42,0.42,0.42,0.28,0.28"
how do you spell basketball in spanish,30,,0.00,0.00,,,,"1.00,1.00,1.00,1.00,1.00,1.00,1.00,1.00,1.00,1.00,0.66,0.66"
how to assemble spalding 54 basketball system,30,,0.00,0.19,,,,"0.00,0.42,0.42,0.42,0.42,0.42,0.42,0.42,0.42,0.42,0.28,0.28"
how to attack the basket in basketball,30,,0.00,0.00,,,,"0.00,1.00,1.00,1.00,1.00,1.00,1.00,1.00,1.00,0.66,0.66"
how to boost your confidence in basketball,30,,0.00,0.00,,,,"0.33,1.00,1.00,1.00,1.00,1.00,1.00,1.00,1.00,1.00,0.66,0.66"
how to deal with your period during basketball,30,,0.00,0.00,,,,"0.28,0.42,0.42,0.42,0.42,0.42,0.42,0.42,0.57,0.42,0.28,0.28"
how to develop confidence in basketball,30,,0.00,0.00,,,,"0.17,0.17,0.17,0.17,0.17,0.17,0.17,0.17,0.17,0.17,0.11,0.11"
how to do basketball tricks,30,,0.00,0.01,,,,"0.25,0.75,0.75,0.75,0.75,0.75,1.00,0.75,0.75,0.75,0.50,0.50"
how to do basketball tricks for beginners,30,,0.00,0.00,,,,"0.28,0.42,0.42,0.42,0.42,0.42,0.42,0.42,0.42,0.42,0.28,0.28"
how to do cool tricks with a basketball,30,,0.00,0.00,,,,"1.00,1.00,1.00,1.00,1.00,1.00,1.00,1.00,1.00,1.00,0.00,0.66"
how to do easy basketball tricks,30,,0.00,0.00,,,,"0.11,0.11,0.11,0.11,0.11,0.11,0.11,0.11,0.11,0.11,0.07,0.07"
how to edit basketball videos,30,,1.13,0.45,,,,"0.33,0.33,0.33,0.33,0.33,0.33,0.33,0.33,0.33,0.33,0.22,0.22"
how to enter the zone in basketball,30,,0.00,0.00,,,,"0.14,0.42,0.42,0.42,0.42,0.42,0.42,0.42,0.42,0.42,0.28,0.28"
how to gain more confidence in basketball,30,,0.00,0.09,,,,"0.33,1.00,1.00,1.00,1.00,1.00,1.00,1.00,1.00,1.00,0.66,0.66"
how to have confidence in basketball,30,,0.00,0.02,,,,"0.14,0.14,0.14,0.14,0.14,0.14,0.23,0.14,0.14,0.14,0.09,0.09"
how to have more confidence in basketball,30,,0.00,0.03,,,,"0.42,0.42,0.42,0.42,0.42,0.42,0.42,0.57,0.42,0.42,0.28,0.28"
how to measure wingspan for basketball,30,,0.00,0.00,,,,"1.00,0.60,0.60,0.60,0.60,0.60,0.60,0.60,0.60,0.60,0.40,0.40"
how to read a basketball scoreboard,30,,0.00,0.00,,,,"1.00,0.27,0.00,0.27,0.00,0.27,0.27,0.27,0.27,0.27,0.18,0.18"
how to read basketball scoreboard,30,,0.00,0.01,,,,"1.00,0.42,0.42,0.42,0.42,0.42,0.42,0.42,0.42,0.42,0.28,0.28"
how to read the spread in basketball,30,,0.00,0.01,,,,"0.00,0.75,0.75,0.00,0.75,0.75,0.75,0.75,0.75,1.00,0.75,0.50"
how to stretch before basketball,30,,0.00,0.00,,,,"0.33,0.33,0.33,0.33,0.33,0.33,0.33,0.33,0.33,0.33,0.22,0.22"
how to stretch for basketball,30,,0.00,0.01,,,,"0.33,0.33,0.33,0.33,0.33,0.33,0.33,0.33,0.33,0.33,0.22,0.22"
how to workout for basketball,30,,0.00,0.07,,,,"0.33,0.33,0.33,0.33,0.33,0.33,0.33,0.33,0.33,0.33,0.22,0.22"
how you spell basketball,30,,0.00,0.00,,,,"0.66,1.00,1.00,1.00,1.00,1.00,1.00,1.00,1.00,1.00,0.66,0.66"
is basketball a hiit workout,30,,0.00,0.00,,,,"0.11,0.11,0.11,0.11,0.11,0.11,0.11,0.11,0.11,0.15,0.07,0.07"
is basketball a workout,30,,0.00,0.00,,,,"0.34,0.11,0.11,0.11,0.11,0.11,0.11,0.11,0.11,0.11,0.07,0.07"
is composite leather basketball for outdoor,30,,0.00,0.99,,,,"0.75,0.75,0.75,0.75,0.75,0.75,1.00,1.00,0.75,0.75,0.50,0.50"
must read basketball books,30,,0.00,0.86,,,,"0.42,0.42,0.42,0.42,0.42,0.42,0.42,0.42,0.42,0.42,0.28,0.28"
what country has the most gold medals in basketball,30,,0.00,0.00,,,,"0.27,0.27,1.00,0.27,0.27,0.27,0.27,0.27,0.27,0.27,0.18,0.18"
what country was basketball founded,30,,0.00,0.00,,,,"0.42,0.42,0.42,0.42,0.42,0.42,0.42,0.42,0.42,0.42,0.28,0.28"
what does basketball workout,30,,0.00,0.00,,,,"0.41,0.17,0.17,0.17,0.17,0.17,0.17,0.17,0.17,0.17,0.11,0.11"
what is a basketball charge,30,,0.00,0.00,,,,"1.00,0.42,0.42,0.00,0.42,0.42,0.42,0.42,0.42,0.42,0.28,0.28"
what is a preferred walk on in basketball,30,,0.00,0.00,,,,"0.11,0.11,0.11,0.11,0.11,0.11,0.11,0.11,0.11,0.11,0.07,0.07"
what is a stretch 4 in basketball,30,,0.00,0.00,,,,"0.00,0.00,0.00,0.00,0.00,0.27,0.27,0.27,0.81,0.27,0.18,1.00"
what is a walk on in basketball,30,,0.00,0.00,,,,"0.27,0.27,0.36,0.27,0.27,0.27,0.27,0.27,0.36,0.27,0.45,0.18"
what is basketball culture,30,,0.00,0.05,,,,"0.27,0.27,0.27,0.27,0.27,0.27,0.27,0.27,0.27,0.27,0.18,0.18"
what is composite leather basketball,30,,0.00,0.90,,,,"0.27,0.27,0.27,0.27,0.27,0.27,0.27,0.27,0.27,0.27,0.18,0.18"
what is sweet sixteen basketball,30,,0.00,0.00,,,,"0.00,0.00,0.00,0.27,0.00,0.27,0.27,0.27,0.27,1.00,0.18"
what is sweet sixteen in basketball,30,,0.00,0.00,,,,"0.00,0.00,0.00,0.27,0.00,0.27,0.27,0.27,0.27,0.27,1.00,0.18"
what is the height of the basket in basketball,30,,0.00,0.00,,,,"1.00,0.33,0.33,0.33,0.33,0.33,0.33,0.33,0.33,0.33,0.22,0.22"
what is the restricted zone in basketball,30,,0.00,0.00,,,,"0.00,0.60,0.60,0.60,0.60,0.60,0.60,0.60,0.60,0.60,0.40,0.40"
what is the sweet sixteen basketball,30,,0.00,0.00,,,,"0.02,0.06,0.06,0.06,0.06,0.06,0.06,0.06,0.06,0.06,0.22,0.04"
where to order basketball uniforms,30,,0.00,1.00,,,,"0.33,1.00,1.00,1.00,1.00,1.00,1.00,1.00,1.00,1.00,0.66,0.66"
who owns spalding basketball,30,,0.00,0.06,,,,"0.00,1.00,1.00,1.00,1.00,1.00,1.00,1.00,1.00,1.00,0.66,0.66"
why is russell wilson at stanford basketball,30,,0.00,0.00,,,,"0.00,0.00,0.00,0.00,0.00,0.00,0.00,0.00,0.00,0.00,1.00,0.11"
a p basketball poll,20,,0.00,0.00,,,,"0.00,0.00,0.00,0.00,0.00,0.00,0.28,0.42,1.00,0.42,0.00"
how did basketball spread to other countries,20,,0.00,0.00,,,,"0.33,0.33,0.33,0.33,0.00,0.33,0.33,0.00,0.00,0.00,0.22,0.00"
how to do some basketball tricks,20,,0.00,0.00,,,,"1.00,1.00,0.00,1.00,1.00,1.00,1.00,0.00,1.00,0.00,0.00,0.00"
how to install spalding portable basketball system,20,,0.00,0.11,,,,"0.00,1.00,1.00,1.00,1.00,0.00,1.00,1.00,1.00,1.00,0.66,0.66"
how to measure psi in a basketball,20,,0.00,0.11,,,,"0.00,0.00,0.00,0.00,0.00,1.00,1.00,1.00,1.00,0.66,0.66"
how to read a basketball bracket,20,,0.00,0.00,,,,"0.17,0.17,0.17,0.00,0.00,0.17,0.17,0.17,0.17,0.17,0.11,0.11"
how to read basketball spread,20,,0.00,0.02,,,,"0.27,0.27,0.27,0.00,0.00,0.27,0.27,0.27,0.27,0.27,0.18,0.18"
how to soften a composite leather basketball,20,,0.00,0.00,,,,"0.00,1.00,0.00,1.00,1.00,1.00,1.00,1.00,1.00,1.00,0.66,0.66"
how to spell basketball in french,20,,0.00,0.00,,,,"0.00,1.00,1.00,1.00,1.00,1.00,0.00,1.00,1.00,0.66,0.66"
is basketball a cardio workout,20,,0.00,0.00,,,,"0.00,0.00,0.00,0.00,0.00,0.75,0.75,0.75,1.00,0.50,0.50"
is basketball a culture,20,,0.00,0.00,,,,"0.00,0.00,0.00,0.00,1.00,1.00,1.00,1.00,1.00,0.66,0.66"
is basketball a full body workout,20,,0.00,0.00,,,,"0.25,0.25,0.50,0.25,0.00,0.75,0.75,0.75,1.00,0.50,0.50"
is tiffany and co basketball real,20,,0.00,0.00,,,,"0.00,0.00,1.00,1.00,1.00,1.00,1.00,1.00,1.00,1.00,0.66,0.00"
should you stretch before basketball,20,,0.00,0.00,,,,"0.25,0.00,0.25,1.00,0.75,0.75,0.75,0.75,0.75,0.50,0.50"
was wilson a basketball in castaway,20,,0.00,0.00,,,,"0.33,0.00,0.00,1.00,1.00,1.00,1.00,1.00,1.00,0.66,0.66"
what constitutes a charge in basketball,20,,0.00,0.00,,,,"0.14,0.28,0.00,0.00,0.00,0.00,0.14,0.42,0.42,1.00,0.42"
what is a sweet 16 in basketball,20,,0.00,0.00,,,,"0.00,1.00,0.00,0.00,1.00,1.00,0.00,1.00,1.00,1.00,0.66,0.66"
what is basket in basketball,20,,0.00,0.00,,,,"0.40,0.40,0.20,0.20,1.00,0.00,0.20,0.20,0.20,0.20,0.20,0.40"
what is illegal screening in basketball,20,,0.00,0.00,,,,"0.00,0.00,0.00,0.75,0.75,1.00,0.75,0.75,0.75,0.50,0.50"
what is sweet 16 in basketball,20,,0.00,0.00,,,,"0.00,0.00,0.00,0.00,0.00,0.00,0.05,0.00,0.00,0.05,1.00,0.23"
what is taking a charge in basketball,20,,0.00,0.00,,,,"0.00,0.00,0.00,0.00,0.50,1.00,1.00,1.00,0.75,0.75,0.50"
what is the sweet 16 in basketball,20,,0.00,0.00,,,,"0.00,0.01,0.01,0.00,0.01,0.00,0.00,0.00,0.00,0.00,0.10,0.00"
what is walking in basketball,20,,0.00,0.00,,,,"0.20,0.20,0.00,0.20,0.00,0.00,0.40,0.60,0.60,1.00,1.00,0.40"
what to eat after basketball workout,20,,0.00,0.00,,,,"0.33,0.33,0.33,0.33,0.00,0.33,0.33,0.33,0.00,0.33,0.22,0.22"
what to eat before basketball workout,20,,0.00,0.00,,,,"0.00,1.00,1.00,1.00,1.00,1.00,1.00,0.00,1.00,1.00,0.66,0.00"
what workouts should i do for basketball,20,,0.00,0.24,,,,"0.28,0.42,0.42,0.00,0.42,0.42,0.42,0.42,0.42,0.42,0.00,0.28"
what's a charge in basketball,20,,0.00,0.00,,,,"0.00,0.00,0.00,0.00,0.00,0.60,1.00,1.00,0.80,1.00,0.80"
when does basketball preseason end,20,,0.00,0.00,,,,"0.07,0.07,0.07,0.28,0.07,1.00,0.21,0.00,0.00,0.00,0.00,0.00"
when does ku basketball,20,,0.00,0.00,,,,"0.00,1.00,0.00,1.00,0.00,0.00,1.00,1.00,1.00,1.00,1.00,0.66"
when does preseason basketball end,20,,0.00,0.00,,,,"0.00,0.00,0.00,0.00,1.00,0.05,0.00,0.00,0.00,0.00,0.00"
who is in the sweet 16 basketball,20,,0.00,0.00,,,,"0.00,0.21,0.00,0.00,0.00,0.00,0.00,0.00,0.21,1.00,0.14"
why are there illegal numbers in basketball,20,,0.00,0.00,,,,"0.00,0.11,0.00,0.00,0.33,1.00,0.22,0.11,0.11,0.33,0.33"
why is ku basketball on espn+,20,,0.00,0.08,,,,"0.00,0.00,1.00,1.00,1.00,1.00,1.00,1.00,1.00,0.66,0.66"
a basketball of mass 0.0400 kg is dropped,10,,0.00,0.00,,,,"0.00,0.00,0.00,0.00,0.00,0.00,0.33,1.00,0.00,0.00,0.66,0.00"
a ja wilson south carolina basketball,10,,0.00,0.00,,,,"0.00,0.00,0.00,1.00,0.00,1.00,1.00,0.00,1.00,0.00,0.66"
a ja wilson usc basketball,10,,0.00,0.00,,,,"0.00,0.00,1.00,0.00,1.00,0.00,0.00,1.00,0.00,0.00,0.66"
do you spell basketball,10,,0.00,0.00,,,,"0.00,0.00,0.00,0.00,0.00,0.00,0.00,0.00,1.00,0.66,0.66"
how are basketballs measured,10,,0.00,0.00,,,,"0.00,0.00,0.00,0.00,0.00,0.00,1.00,1.00,1.00,0.66,0.66"
how has basketball influenced american culture,10,,0.00,0.00,,,,"0.00,0.00,0.00,0.33,0.00,0.00,0.00,0.00,0.66,1.00,0.33"
how many uniforms does oregon basketball have,10,,0.00,0.00,,,,"0.00,0.00,0.00,1.00,0.00,0.00,0.00,0.00,0.00,0.66,0.00"
how to add friends on real basketball,10,,0.00,0.00,,,,"0.00,0.27,0.00,0.00,0.00,0.00,0.00,0.27,0.27,0.00,0.00,0.18"
how to basket in basketball,10,,0.00,0.00,,,,"0.00,1.00,1.00,1.00,1.00,0.00,0.00,0.00,1.00,0.00,0.00,0.66"
how to basketball tricks,10,,0.00,0.00,,,,"0.00,0.11,0.00,0.11,0.11,0.00,0.00,0.00,0.00,0.11,0.07,0.07"
how to basketball videos,10,,0.00,0.00,,,,"0.00,0.00,0.00,0.00,0.00,1.00,1.00,1.00,1.00,1.00,0.66,0.00"
how to be confident basketball,10,,0.00,0.00,,,,"0.00,0.00,0.00,0.00,1.00,1.00,1.00,1.00,0.00,0.66,0.66"
how to connect wilson x basketball,10,,0.00,0.00,,,,"0.00,0.00,1.00,0.00,0.00,0.00,0.00,1.00,1.00,0.66,0.00"
how to design basketball uniform,10,,0.00,1.00,,,,"0.00,0.00,0.00,1.00,0.00,0.00,0.00,1.00,1.00,0.66,0.66"
how to do amazing basketball tricks,10,,0.00,0.00,,,,"0.00,0.00,0.00,1.00,0.00,0.00,0.00,0.00,1.00,0.00,0.00"
how to do some cool basketball tricks,10,,0.00,0.00,,,,"0.00,0.00,0.00,1.00,0.00,0.00,0.00,0.00,1.00,0.00,0.66"
how to learn tricks in basketball,10,,0.00,0.00,,,,"0.00,0.27,0.00,0.00,0.00,0.27,0.00,0.27,0.27,0.27,0.00,0.00"
how to measure basketball,10,,0.00,0.00,,,,"0.00,0.00,0.00,0.00,0.00,0.00,1.00,1.00,1.00,0.66,0.66"
how to palm a basketball reddit,10,,0.00,0.00,,,,"0.00,0.00,0.00,0.00,0.00,1.00,1.00,1.00,1.00,0.66,0.66"
how to recover from basketball workouts,10,,0.00,0.00,,,,"0.00,0.00,0.00,0.00,0.00,0.00,1.00,1.00,1.00,0.66,0.66"
how to stretch after basketball,10,,0.00,0.00,,,,"0.00,0.00,0.00,0.00,0.00,1.00,1.00,1.00,1.00,0.66,0.66"
how to trick your opponent in basketball,10,,0.00,0.00,,,,"0.00,0.00,0.00,0.00,0.00,1.00,1.00,1.00,1.00,0.00,0.66"
is basketball a cardiovascular workout,10,,0.00,0.00,,,,"0.00,0.00,0.00,0.00,0.00,1.00,1.00,1.00,1.00,0.66,0.66"
is basketball part of folk or pop culture,10,,0.00,0.00,,,,"0.00,0.00,0.00,0.00,0.00,0.00,1.00,0.00,0.20,0.00,0.00"
what are charges in basketball,10,,0.00,0.00,,,,"1.00,0.00,1.00,0.00,0.33"
what color are baylor basketball uniforms,10,,0.00,0.00,,,,"0.00,0.00,0.00,0.00,0.00,0.00,1.00,0.00,1.00,0.00,0.00"
what country did basketball origiknate,10,,0.00,0.00,,,,1.00
what country was the inventor of basketball born in,10,,0.00,0.00,,,,"0.00,1.00,0.00,0.00,0.00,0.00,0.00,1.00,0.00,0.00,0.00,0.00"
what is a basket in basketball,10,,0.00,0.00,,,,"0.00,0.00,0.00,0.00,0.00,0.00,0.60,1.00,0.60,0.40,0.40"
what is a live period in basketball,10,,0.00,0.00,,,,"0.00,1.00,0.00,0.00,0.00,0.00,0.00,0.00,0.00,0.00,0.00"
what is a zone defence in basketball,10,,0.00,0.00,,,,"0.00,0.00,0.00,0.00,0.00,1.00,1.00,1.00,1.00,0.66,0.00"
what is a zone in basketball,10,,0.00,0.00,,,,"0.00,0.00,0.00,0.00,0.00,0.00,1.00,1.00,0.00,0.50,0.50,0.00"
what is an elam ending in basketball,10,,0.00,0.00,,,,"0.00,1.00,0.33,0.00,0.00,0.00,0.00,0.00,0.00,0.00,0.00"
what is basketball sweet 16,10,,0.00,0.00,,,,"0.00,0.00,0.00,1.00,0.00,0.00,0.00,0.00,0.00,0.66,0.66"
what is charge in basketball,10,,0.00,0.00,,,,"0.00,0.00,0.00,0.00,0.33,0.00,0.00,1.00,1.00,0.66,1.00"
what is charging basketball,10,,0.00,0.00,,,,"1.00,0.00,0.00,0.00,0.00,1.00,1.00,1.00,1.00,1.00,1.00"
what is elam ending in basketball,10,,0.00,0.00,,,,"0.00,1.00,0.00,0.00,0.00,0.00,0.00,0.00,0.00,0.00,0.00"
what is illegal contact in basketball,10,,0.00,0.00,,,,"0.00,0.00,0.00,0.00,0.00,1.00,1.00,1.00,1.00,0.66,0.66"
what is illegal in basketball,10,,0.00,0.00,,,,"0.00,0.00,0.00,0.00,0.00,1.00,1.00,1.00,1.00,0.66,0.66"
what is the elam ending in basketball,10,,0.00,0.00,,,,"0.00,1.00,0.00,0.00,0.00,0.00,0.00,0.00,0.45,0.00,0.00"
what is the sweet 16 basketball,10,,0.00,0.00,,,,"0.00,0.00,0.00,0.00,1.00,1.00,1.00,0.00,1.00,0.66,0.66"
what is top end in basketball,10,,0.00,0.00,,,,1.00
what muscles does basketball workout,10,,0.00,0.00,,,,"0.00,0.00,0.33,0.00,0.00,0.00,0.00,0.00,1.00,0.66,0.66"
what network is uk basketball on,10,,0.00,0.00,,,,"0.50,1.00,0.00,0.00"
what stretches to do before basketball,10,,0.00,0.00,,,,"0.33,0.33,0.00,0.00,0.00,0.00,0.00,0.00,1.00,0.66,0.66"
what's after sweet sixteen basketball,10,,0.00,0.00,,,,"0.00,0.00,1.00,1.00,0.00,0.00,0.00,0.00,0.00,0.66,0.66"
what's after the sweet 16 in basketball,10,,0.00,0.00,,,,"0.33,1.00,0.00,0.00,0.00,0.00,0.00,0.00,0.00,1.00,0.66,0.00"
when did 6 on 6 basketball end,10,,0.00,0.00,,,,"0.00,0.00,0.00,0.00,0.00,0.00,0.00,1.00,1.00,0.66,0.66"
when does the ap top 25 basketball poll update,10,,0.00,0.00,,,,"0.00,0.00,0.00,0.00,0.00,1.00,0.00,0.00,0.00,0.00,0.00"
when is ap basketball poll released,10,,0.00,0.00,,,,"1.00,0.00,0.00"
when is live period for basketball,10,,0.00,0.00,,,,"0.66,1.00,0.00,0.00,0.00,0.00,0.00,0.00,0.00,0.00,0.66"
when is sweet 16 basketball,10,,0.00,0.00,,,,"0.00,0.00,0.09,0.00,0.00,0.00,0.00,0.00,0.00,0.09,1.00,0.18"
when is the ap basketball poll released,10,,0.00,0.00,,,,"0.00,0.00,0.00,0.00,0.00,0.14,0.14,1.00,0.14,0.00,0.00"
when is the ap poll released basketball,10,,0.00,0.00,,,,"0.00,0.00,0.00,0.00,0.00,0.00,0.33,1.00,0.33,0.00,0.00"
when is the ku basketball parade,10,,0.00,0.07,,,,"0.00,0.00,0.00,0.00,0.00,0.00,0.00,0.00,0.00,0.00,0.00,1.00"
when is the sweet 16 basketball,10,,0.00,0.00,,,,"0.00,0.00,0.00,1.00,0.00,0.00,0.00,0.00,0.00,0.66,0.00"
where is remy martin ku basketball,10,,0.00,0.00,,,,"0.25,1.00,0.00"
which country introduced basketball,10,,0.00,0.00,,,,"0.00,1.00,0.00,0.00,1.00,1.00,0.00,0.00,1.00,0.00,0.00"
who is leaving uk basketball,10,,0.00,0.01,,,,"0.07,0.07,0.00,0.00,0.00,0.00,0.00,0.07,0.00,0.00,0.05,0.05"
who is staying at uk basketball,10,,0.00,0.00,,,,"0.00,1.00,0.00,0.00,1.00,0.00,1.00,1.00,0.00,0.66,0.66"
why is goaltending illegal in basketball,10,,0.00,0.00,,,,1.00
a 0.35 kg basketball is dropped vertically,0,,0.00,0.00,,,,"0.00,0.00,0.00,0.00,0.00,0.00,0.00,0.00,0.00,0.00,0.00"
a 0.60 kg basketball is dropped,0,,0.00,0.00,,,,"0.00,0.00,0.00"
a 6 kg basketball is dropped,0,,0.00,0.00,,,,"0.00,0.00,0.00,0.00,0.00,0.00,0.00,0.00,0.00,0.00,0.00"
a 6 kg basketball is dropped out of a window,0,,0.00,0.00,,,,"0.00,0.00,0.00,0.00,0.00,0.00,0.00,0.00,0.00,0.00,0.00"
a 60 kg basketball is dropped,0,,0.00,0.00,,,,"0.00,0.00,0.00,0.00,0.00,0.00,0.00,0.00,0.00,0.00,0.00"
a baseball is dropped on top of a basketball,0,,0.00,0.00,,,,"0.00,0.00,0.00,0.00,0.00,0.00,0.00,0.00,0.00,0.00,0.00"
a basket in basketball,0,,0.00,0.00,,,,"0.00,0.00,0.00"
a basketball is dropped from rest,0,,0.00,0.00,,,,"0.00,0.00,0.00,0.00,0.00,0.00,0.00,0.00,0.00,0.00,0.00"
a basketball is dropped from rest just before striking,0,,0.00,0.00,,,,"0.00,0.00,0.00,0.00,0.00,0.00,0.00,0.00,0.00,0.00,0.00"
a basketball laundry basket,0,,0.00,0.00,,,,"0.00,0.00,0.00,0.00,0.00,0.00,0.00,0.00,0.00,0.00,0.00"
a basketball m0.60 kg is dropped from rest,0,,0.00,0.00,,,,"0.00,0.00,0.00,0.00,0.00,0.00,0.00,0.00,0.00,0.00,0.00"
a basketball of mass 0.60kg is dropped from rest,0,,0.00,0.00,,,,"0.00,0.00,0.00,0.00,0.00,0.00,0.00,0.00,0.00,1.00,0.00"
a basketball wilson,0,,0.00,0.00,,,,"0.00,0.00,0.00,0.00,0.00,0.00,0.00,0.00,0.00,0.00,0.00"
a friend drops a 0.625kg basketball from 2.4m above you,0,,0.00,0.00,,,,"0.00,0.00,0.00,0.00,0.00,0.00,0.00,0.00,0.00,0.00,0.00"
a ja wilson usa basketball,0,,0.00,1.00,,,,"0.00,0.00,0.00,0.00,0.00,0.00,0.00,0.00,0.00,0.00,0.00"
a maceo walker basketball,0,,0.00,0.00,,,,"0.00,0.00,0.00,0.00,0.00,0.00,0.00,0.00,0.00,0.00,0.00"
a p poll basketball,0,,0.00,0.00,,,,"0.00,0.00,0.00,0.00,0.00,0.00,0.00,0.00,0.00,0.00,0.00"
a p top 25 basketball poll,0,,0.00,0.00,,,,"0.00,0.00,0.00,0.00,0.00,0.00,0.00,0.00,0.00,0.00,0.00"
a real basketball necklaces,0,,0.00,0.00,,,,"0.00,0.00,0.00,0.00,0.00,0.00,0.00,0.00,0.00,0.00,0.00"
a real basketball necles,0,,0.00,0.00,,,,"0.00,0.00,0.00,0.00,0.00,0.00,0.00,0.00,0.00,0.00,0.00"
a real nasty shake in basketball,0,,0.00,0.00,,,,"0.00,0.00,0.00,0.00,0.00,0.00,0.00,0.00,0.00,0.00,0.00"
a spalding indoor basketball,0,,0.00,0.00,,,,"0.00,0.00,0.00,0.00,0.00,0.00,0.00,0.00,0.00,0.00,0.00"
a student drops a basketball into a pool,0,,0.00,0.00,,,,"0.00,0.00,0.00"
a sun basketball poll,0,,0.00,0.00,,,,"0.00,0.00,0.00,0.00,0.00,0.00,0.00,0.00,0.00,0.00,0.00"
a walk basketball,0,,0.00,0.00,,,,"0.00,0.00,0.00,0.00,0.00,0.00,0.00,0.00,0.00,0.00,0.00"
a walk in basketball,0,,0.00,0.00,,,,"0.00,0.00,0.00,0.00,0.00,0.00,0.00,0.00,0.00,1.00,1.00"
a walk to remember basketball scene,0,,0.00,0.00,,,,"0.00,0.00,0.00,0.00,0.00,0.00,0.00,0.00,0.00,0.00,0.00"
a which country has the absolute advantage in producing basketballs,0,,0.00,0.00,,,,"0.00,0.00,0.00,0.00,0.00,0.00,0.00,0.00,0.00,0.00,0.00"
a wilson evolution basketball,0,,0.00,0.00,,,,"0.00,0.00,0.00,0.00,0.00,0.00,0.00,0.00,0.00,0.00,0.00"
a wilson indoor basketball,0,,0.00,0.00,,,,"0.00,0.00,0.00,0.00,0.00,0.00,0.00,0.00,0.00,0.00,0.00"
a wilson stanford basketball,0,,0.00,0.00,,,,"0.00,0.00,0.00,0.00,0.00,0.00,0.00,0.00,0.00,0.00,0.00"
a zone basketball,0,,0.00,0.00,,,,"0.00,0.00,0.00,0.00,0.00,0.00,0.00,0.00,0.00,0.00,0.00"
a zone basketball boise,0,,0.00,0.00,,,,"0.00,0.00,0.00,0.00,0.00,0.00,0.00,0.00,0.00,0.00,0.00"
a'ja wilson basketball reference,0,,0.00,0.00,,,,"0.00,0.00,1.00,0.50,0.50,0.00,0.00,0.00,0.00,0.00,0.00"
a'ja wilson palm basketball,0,,0.00,0.00,,,,"0.00,0.00,0.00,0.00,0.00,0.00,0.00,0.00,0.00,0.00,0.00"
a.g spalding basketball,0,,0.00,0.00,,,,"0.00,0.00,0.00,0.00,0.00,0.00,0.00,0.00,0.00,0.00,0.00"
are basketball carts real,0,,0.00,0.00,,,,"0.00,0.00,0.00,0.00,0.00,0.00,0.00,0.00,0.00,0.00,0.00"
are basketball carts thc real,0,,0.00,0.00,,,,"0.00,0.00,0.00,0.00,0.00,0.00,0.00,0.00,0.00,0.00,0.00"
are corner and baseline interchangeable basketball reddit,0,,0.00,0.00,,,,"0.00,0.00,0.00,0.00,0.00,0.00,0.00,0.00,0.00,0.00,0.00"
are ohsaa highschool basketballs leather,0,,0.00,0.00,,,,"0.00,0.00,0.00,0.00,0.00,0.00,0.00,0.00,0.00,0.00,0.00"
are steroids illegal in basketball,0,,0.00,0.00,,,,"0.00,0.00,0.00,0.00,0.00,0.00,0.00,0.00,0.00,0.00,0.00"
are there periods in basketball,0,,0.00,0.00,,,,"0.00,0.00,0.00,0.00,0.00,0.00,0.00,0.00,0.00,0.00,0.00"
de aaron fox drops usa basketball,0,,0.00,0.00,,,,"0.00,0.00,0.00,0.00,0.00,0.00,0.00,0.00,0.00,0.00,0.00"
de silvio ku basketball,0,,0.00,0.00,,,,"0.00,0.00,0.00,0.00,0.00,0.00,0.00,0.00,0.00,0.00,0.00"
de souza investigation ku basketball,0,,0.00,0.00,,,,"0.00,0.00,0.00,0.00,0.00,0.00,0.00,0.00,0.00,0.00,0.00"
de'runnya wilson basketball,0,,0.00,0.00,,,,"0.00,0.00,0.00,0.00,0.00,0.00,0.00,0.00,0.00,0.00,0.00"
did kd ruin basketball reddit,0,,0.00,0.00,,,,"0.00,0.00,0.00,0.00,0.00,0.00,0.00,0.00,0.00,0.00,0.00"
did rupp integrate uk basketball,0,,0.00,0.00,,,,"0.00,0.00,0.00,0.00,0.00,0.00,0.00,0.00,0.00,0.00,0.00"
did zac efron do the basketball tricks in 17 again,0,,0.00,0.00,,,,"0.00,0.00,0.00,0.00,0.00,0.00,0.00,0.00,0.00,0.00,0.00"
do i have to fall to be charge basketball,0,,0.00,0.00,,,,"0.00,0.00,0.00,0.00,0.00,0.00,0.00,0.00,0.00,0.00,0.00"
do perfect basketball videos,0,,0.00,0.00,,,,"0.00,0.00,0.00,0.00,0.00,0.00,0.00,0.00,0.00,0.00,0.00"
do the test co uk basketball,0,,0.00,0.00,,,,"0.00,0.00,0.00,0.00,0.00,0.00,0.00,0.00,0.00,0.00,0.00"
do wilsons basketballs contain latex,0,,0.00,0.00,,,,"0.00,0.00,0.00,0.00,0.00,0.00,0.00,0.00,0.00,0.00,0.00"
do you perfect basketball videos,0,,0.00,0.00,,,,"0.00,0.00,0.00,0.00,0.00,0.00,0.00,0.00,0.00,0.00,0.00"
does a spalding basketball have carbs,0,,0.00,0.00,,,,"0.00,0.00,0.00,0.00,0.00,0.00,0.00,0.00,0.00,0.00,0.00"
does basketball have periods,0,,0.00,0.00,,,,"0.00,0.00,0.00,0.00,0.00,0.00,0.00,0.00,0.00,0.00,0.00"
does basketball have walk ons,0,,0.00,0.00,,,,"0.00,0.00,0.00,0.00,0.00,0.00,0.00,0.00,0.00,0.00,0.00"
does cross country hurt basketball,0,,0.00,0.00,,,,"0.00,0.00,0.00,0.00,0.00,0.00,0.00,0.00,0.00,0.00,0.00"
does height matter in basketball reddit,0,,0.00,0.00,,,,"0.00,0.00,0.00,0.00,0.00,0.00,0.00,0.00,0.00,0.00,0.00"
does ku basketball have a subreddit,0,,0.00,0.00,,,,"0.00,0.00,0.00,0.00,0.00,0.00,0.00,0.00,0.00,0.00,0.00"
does osu accept basketball walk ons,0,,0.00,0.00,,,,"0.00,0.00,0.00,0.00,0.00,0.00,0.00,0.00,0.00,0.00,0.00"
does portland univerisity have a basketball program,0,,0.00,0.00,,,,"0.00,0.00,0.00,0.00,0.00,0.00,0.00,0.00,0.00,0.00,0.00"
does purdue have basketball uniform florescent numbers,0,,0.00,0.00,,,,"0.00,0.00,0.00,0.00,0.00,0.00,0.00,0.00,0.00,0.00,0.00"
does roku charge for espn basketball,0,,0.00,0.00,,,,"0.00,0.00,0.00,0.00,0.00,0.00,0.00,0.00,0.00,0.00,0.00"
does spalding basketballs have warranty,0,,0.00,0.00,,,,"0.00,0.00,0.00,0.00,0.00,0.00,0.00,0.00,0.00,0.00,0.00"
does the uk have basketball,0,,0.00,0.00,,,,"0.00,0.00,0.00,0.00,0.00,0.00,0.00,0.00,0.00,0.00,0.00"
does uk basketball pkay tonighy,0,,0.00,0.00,,,,"0.00,0.00,0.00,0.00,0.00,0.00,0.00,0.00,0.00,0.00,0.00"
does water ruin a composite leather basketball,0,,0.00,0.00,,,,"1.00,0.00"
has uk basketball evr lost to buter,0,,0.00,0.00,,,,"0.00,0.00,0.00,0.00,0.00,0.00,0.00,0.00,0.00,0.00,0.00"
have basketball ratings dropped,0,,0.00,0.00,,,,"0.00,0.00,0.00,0.00,0.00,0.00,0.00,0.00,0.00,0.00,0.00"
how could a basketball connect to your culture,0,,0.00,0.00,,,,"0.00,0.00,0.00,0.00,0.00,0.00,0.00,0.00,0.00,0.00,0.00"
how do i gain confidence in basketball,0,,0.00,0.00,,,,"0.00,0.00,0.00,0.00,0.00,0.00,0.00,0.00,0.00,0.00,0.00"
how do i measure the distance around a basketball,0,,0.00,0.00,,,,"0.00,0.00,0.00,0.00,0.00,0.00,0.00,0.00,0.00,0.00,0.00"
how do i spell basketball,0,,0.00,0.00,,,,"0.00,0.00,0.00,0.00,0.00,0.00,0.00,0.00,0.00,0.00,0.00"
how do i spell basketball in spanish,0,,0.00,0.00,,,,"0.00,0.00,0.00,0.00,0.00,0.00,0.00,0.00,0.00,0.00,0.00"
how do u spell basketball,0,,0.00,0.00,,,,"0.00,0.00,0.00,0.00,0.00,0.00,0.00,0.00,0.00,0.00,0.00"
how do we spell basketball,0,,0.00,0.00,,,,"0.00,0.00,0.00,0.00,0.00,0.00,0.00,0.00,0.00,0.00,0.00"
how do you do tricks in basketball,0,,0.00,0.00,,,,"0.00,0.00,0.00,0.00,0.00,0.00,0.00,0.00,0.00,0.00,0.00"
how do you gain confidence in basketball,0,,0.00,0.00,,,,"0.00,0.00,0.00,0.00,0.00,0.00,0.00,0.00,0.00,0.00,0.00"
how do you how do you spell basketball,0,,0.00,0.00,,,,"0.00,0.00,0.00,0.00,0.00,0.00,0.00,0.00,0.00,0.00,0.00"
how do you measure pace in basketball,0,,0.00,0.00,,,,"0.00,0.00,0.00,0.00,0.00,0.00,0.00,0.00,0.00,0.00,0.00"
how do you measure the volume of a basketball,0,,0.00,0.00,,,,"0.00,0.00,0.00,0.00,0.00,0.00,0.00,0.00,0.00,0.00,0.00"
how do you read basketball odds,0,,0.00,0.00,,,,"0.00,0.00,0.00,0.00,0.00,0.00,0.00,0.00,0.00,0.00,0.00"
how do you read odds in basketball,0,,0.00,0.00,,,,"0.00,0.00,0.00,0.00,0.00,0.00,0.00,0.00,0.00,0.00,0.00"
how do you spell basketball in german,0,,0.00,0.00,,,,"0.00,0.00,0.00,0.00,0.00,0.00,0.00,0.00,0.00,0.00,0.00"
how do you spell basketball in mexican,0,,0.00,0.00,,,,"0.00,0.00,0.00,0.00,0.00,0.00,0.00,0.00,0.00,0.00,0.00"
how do you spell basketball joellenberg,0,,0.00,0.00,,,,"0.00,0.00,0.00,0.00,0.00,0.00,0.00,0.00,0.00,0.00,0.00"
how do you video straight into hudl basketball,0,,0.00,0.00,,,,"0.00,0.00,0.00,0.00,0.00,0.00,0.00,0.00,0.00,0.00,0.00"
how does a basketball end,0,,0.00,0.00,,,,"0.00,0.00,0.00,0.00,0.00,0.00,0.00,0.00,0.00,0.00,0.00"
how does basketball connect various cultures,0,,0.00,0.00,,,,"0.00,0.00,0.00,0.00,0.00,0.00,0.00,0.00,0.00,0.00,0.00"
how does basketball contribute to our culture,0,,0.00,0.00,,,,"0.00,0.00,0.00,0.00,0.00,0.00,0.00,0.00,0.00,0.00,0.00"
how does basketball end,0,,0.00,0.00,,,,"0.00,0.00,0.00,0.00,0.00,0.00,0.00,0.00,0.00,0.00,0.00"
how does the wilson x basketball do,0,,0.00,0.00,,,,"0.00,0.00,0.00,0.00,0.00,0.00,0.00,0.00,0.00,0.00,0.00"
how early arrive ku basketball,0,,0.00,0.00,,,,"0.00,0.00,0.00,0.00,0.00,0.00,0.00,0.00,0.00,0.00,0.00"
how has basketball had an impact on chinese culture,0,,0.00,0.00,,,,"0.00,0.00,0.00,0.00,0.00,0.00,0.00,0.00,0.00,0.00,0.00"
how has basketball impacted culture,0,,0.00,0.00,,,,"0.00,0.00,0.00,0.00,0.00,0.00,0.00,0.00,0.00,0.00,0.00"
how has basketball influenced pop culture,0,,0.00,0.00,,,,"0.00,0.00,0.00,0.00,0.00,0.00,0.00,0.00,0.00,0.00,0.00"
how is basketball iq measured,0,,0.00,0.00,,,,"0.00,0.00,0.00,0.00,0.00,0.00,0.00,0.00,0.00,0.00,0.00"
how is basketball measured,0,,0.00,0.00,,,,"0.00,0.00,0.00,0.00,0.00,0.00,0.00,0.00,0.00,0.00,0.00"
how is efficiency measured in basketball,0,,0.00,0.00,,,,"0.00,0.00,0.00,0.00,0.00,0.00,0.00,0.00,0.00,0.00,0.00"
how is uk doing in basketball,0,,0.00,0.00,,,,"0.00,0.00,0.00,0.00,0.00,0.00,0.00,0.00,0.00,0.00,0.00"
how is usage measured in basketball,0,,0.00,0.00,,,,"0.00,0.00,0.00,0.00,0.00,0.00,0.00,0.00,0.00,0.00,0.00"
how many basketball periods,0,,0.00,0.00,,,,"0.00,0.00,0.00,0.00,0.00,0.00,0.00,0.00,0.00,0.00,0.00"
how many bumps on a spalding basketball,0,,0.00,0.00,,,,"0.00,0.00,0.00,0.00,0.00,0.00,0.00,0.00,0.00,0.00,0.00"
how many consecutive losses as uk lost in basketball,0,,0.00,0.00,,,,"0.00,0.00,0.00,0.00,0.00,0.00,0.00,0.00,0.00,0.00,0.00"
how many countries have basketball,0,,0.00,0.00,,,,"0.00,0.00,0.00,0.00,0.00,0.00,0.00,0.00,0.00,0.00,0.00"
how many countries have professional basketball,0,,0.00,0.00,,,,"0.00,0.00,0.00,0.00,0.00,0.00,0.00,0.00,0.00,0.00,0.00"
how many countries offer adaptive basketball,0,,0.00,0.00,,,,"0.00,0.00,0.00,0.00,0.00,0.00,0.00,0.00,0.00,0.00,0.00"
how many di basketball programs,0,,0.00,0.00,,,,"0.00,0.00,0.00,0.00,0.00,0.00,0.00,0.00,0.00,0.00,0.00"
how many dii basketball programs,0,,0.00,0.00,,,,"0.00,0.00,0.00,0.00,0.00,0.00,0.00,0.00,0.00,0.00,0.00"
how many diii basketball programs,0,,0.00,0.00,,,,"0.00,0.00,0.00,0.00,0.00,0.00,0.00,0.00,0.00,0.00,0.00"
how many dots are on a wilson basketball,0,,0.00,0.00,,,,"0.00,0.00,0.00,0.00,0.00,0.00,0.00,0.00,0.00,0.00,0.00"
how many overtime periods in basketball,0,,0.00,0.00,,,,"0.00,0.00,0.00,0.00,0.00,0.00,0.00,0.00,0.00,0.00,0.00"
how many periodes are there in colage basketball,0,,0.00,0.00,,,,"0.00,0.00,0.00,0.00,0.00,0.00,0.00,0.00,0.00,0.00,0.00"
how many periods are there in professional basketball,0,,0.00,0.00,,,,"0.00,0.00,0.00,0.00,0.00,0.00,0.00,0.00,0.00,0.00,0.00"
how many periods basketball,0,,0.00,0.00,,,,"0.00,0.00,0.00,0.00,0.00,0.00,0.00,0.00,0.00,0.00,0.00"
how many periods in hs basketball,0,,0.00,0.00,,,,"0.00,0.00,0.00,0.00,0.00,0.00,0.00,0.00,0.00,0.00,0.00"
how many periods in jv basketball,0,,0.00,0.00,,,,"0.00,0.00,0.00,0.00,0.00,0.00,0.00,0.00,0.00,0.00,0.00"
how many periods in professional basketball,0,,0.00,0.00,,,,"0.00,0.00,0.00,0.00,0.00,0.00,0.00,0.00,0.00,0.00,0.00"
how many periods in upward basketball,0,,0.00,0.00,,,,"0.00,0.00,0.00,0.00,0.00,0.00,0.00,0.00,0.00,0.00,0.00"
how many periods in youth basketball,0,,0.00,0.00,,,,"0.00,0.00,0.00,0.00,0.00,0.00,0.00,0.00,0.00,0.00,0.00"
how many periods is professional basketball,0,,0.00,0.00,,,,"0.00,0.00,0.00,0.00,0.00,0.00,0.00,0.00,0.00,0.00,0.00"
how many periods of overtime in basketball,0,,0.00,0.00,,,,"0.00,0.00,0.00,0.00,0.00,0.00,0.00,0.00,0.00,0.00,0.00"
how many scholarships does uk basketball have,0,,0.00,0.00,,,,"0.00,1.00,0.00,0.00,0.00,0.00,0.00,0.00,0.00,0.00,0.00"
how many timeouts in basketball uk,0,,0.00,0.00,,,,"0.00,0.00,0.00,0.00,0.00,0.00,0.00,0.00,0.00,0.00,0.00"
how many title banners does uk basketball have,0,,0.00,0.00,,,,"0.00,0.00,0.00,0.00,0.00,0.00,0.00,0.00,0.00,0.00,0.00"
how many titles does ku basketball have,0,,0.00,0.00,,,,"0.00,0.00,0.00,0.00,0.00,0.00,0.00,0.00,0.00,0.00,0.00"
how many titles does uk basketball have,0,,0.00,0.00,,,,"0.00,0.00,0.00,0.00,0.00,0.00,0.00,0.00,0.00,0.00,0.00"
how spell basketball,0,,0.00,0.00,,,,"0.00,0.00,0.00,0.00,0.00,0.00,0.00,0.00,0.00,0.00,0.00"
how sweet 16 basketball,0,,0.00,0.00,,,,"0.00,0.00,0.00,0.00,0.00,0.00,0.00,0.00,0.00,0.00,0.00"
how sweet it is book basketball,0,,0.00,0.00,,,,"0.00,0.00,0.00,0.00,0.00,0.00,0.00,0.00,0.00,0.00,0.00"
how they voted ap poll basketball,0,,0.00,0.00,,,,"0.00,0.00,0.00,0.00,0.00,0.00,0.00,0.00,0.00,0.00,0.00"
how to acquire sponsors for youth basketball program,0,,0.00,0.00,,,,"0.00,0.00,0.00,0.00,0.00,0.00,0.00,0.00,0.00,0.00,0.00"
how to add friends on real basketball app,0,,0.00,0.00,,,,"0.00,0.00,0.00,0.00,0.00,0.00,0.00,0.00,0.00,0.00,0.00"
how to assemble spalding portable basketball system 44,0,,0.00,0.00,,,,"0.00,0.00,0.00,0.00,0.00,0.00,0.00,0.00,0.00,0.00,0.00"
how to attack a zone defence in basketball,0,,0.00,0.00,,,,"0.00,0.00,0.00,0.00,0.00,0.00,0.00,0.00,0.00,0.00,0.00"
how to attack basket in basketball,0,,0.00,0.00,,,,"0.00,0.00,0.00,0.00,0.00,0.00,0.00,0.00,0.00,0.00,0.00"
how to attack the basket basketball,0,,0.00,0.00,,,,"0.00,0.00,0.00,0.00,0.00,0.00,0.00,0.00,0.00,0.00,0.00"
how to attack zone basketball,0,,0.00,0.00,,,,"0.00,0.00,0.00,0.00,0.00,0.00,0.00,0.00,0.00,0.00,0.00"
how to attack zone in basketball,0,,0.00,0.00,,,,"0.00,0.00,0.00,0.00,0.00,0.00,0.00,0.00,0.00,0.00,0.00"
how to avoid a charge in basketball,0,,0.00,0.00,,,,"0.00,0.00,0.00,0.00,0.00,0.00,0.00,0.00,0.00,0.00,0.00"
how to avoid nutmegs basketball reddit,0,,0.00,0.00,,,,"0.00,0.00,0.00,0.00,0.00,0.00,0.00,0.00,0.00,0.00,0.00"
how to basketball workout individually,0,,0.00,0.00,,,,"0.00,0.00,0.00,0.00,0.00,0.00,0.00,0.00,0.00,0.00,0.00"
how to be confident in basketball yahoo answers,0,,0.00,0.00,,,,"0.00,0.00,0.00,0.00,0.00,0.00,0.00,0.00,0.00,0.00,0.00"
how to be more confident in basketball reddit,0,,0.00,0.00,,,,"0.00,0.00,0.00,0.00,0.00,0.00,0.00,0.00,0.00,0.00,0.00"
how to be more coordinated in basketball reddit,0,,0.00,0.00,,,,"0.00,0.00,0.00,0.00,0.00,0.00,0.00,0.00,0.00,0.00,0.00"
how to boost my confidence in basketball,0,,0.00,0.00,,,,"0.00,0.00,0.00,0.00,0.00,0.00,0.00,0.00,0.00,0.00,0.00"
how to boost self confidence in basketball,0,,0.00,0.00,,,,"0.00,0.00,0.00,0.00,0.00,0.00,0.00,0.00,0.00,0.00,0.00"
how to box out basketball video,0,,0.00,0.00,,,,"0.00,0.00,0.00,0.00,0.00,0.00,0.00,0.00,0.00,0.00,0.00"
how to box out in basketball video,0,,0.00,0.00,,,,"0.00,0.00,0.00,0.00,0.00,0.00,0.00,0.00,0.00,0.00,0.00"
how to care for a leather basketball,0,,0.00,0.00,,,,"0.00,0.00,0.00,0.00,0.00,0.00,0.00,0.00,0.00,0.00,0.00"
how to charge the wilson x basketball,0,,0.00,0.00,,,,"0.00,0.00,0.00,0.00,0.00,0.00,0.00,0.00,0.00,0.00,0.00"
how to claim warranty on spalding basketball backstop,0,,0.00,0.00,,,,"0.00,0.00,0.00,0.00,0.00,0.00,0.00,0.00,0.00,0.00,0.00"
how to collect a charge in basketball,0,,0.00,0.00,,,,"0.00,0.00,0.00,0.00,0.00,0.00,0.00,0.00,0.00,0.00,0.00"
how to condition a leather basketball,0,,0.00,0.00,,,,"0.00,0.00,0.00,0.00,0.00,0.00,0.00,0.00,0.00,0.00,0.00"
how to contact d3 basketball programs,0,,0.00,0.00,,,,"0.00,0.00,0.00,0.00,0.00,0.00,0.00,0.00,0.00,0.00,0.00"
how to crossover in basketball video,0,,0.00,0.00,,,,"0.00,0.00,0.00,0.00,0.00,0.00,0.00,0.00,0.00,0.00,0.00"
how to deal with confidence issues in basketball,0,,0.00,0.00,,,,"0.00,0.00,0.00,0.00,0.00,0.00,0.00,0.00,0.00,0.00,0.00"
how to deflate a spalding basketball,0,,0.00,0.00,,,,"0.00,0.00,0.00,0.00,0.00,0.00,0.00,0.00,0.00,0.00,0.00"
how to deflate a spalding never flat basketball,0,,0.00,0.00,,,,"0.00,0.00,0.00,0.00,0.00,0.00,0.00,0.00,0.00,0.00,0.00"
how to deflate a wilson basketball,0,,0.00,0.00,,,,"0.00,0.00,0.00,0.00,0.00,0.00,0.00,0.00,0.00,0.00,0.00"
how to deflate spalding basketball,0,,0.00,0.00,,,,"0.00,0.00,0.00"
how to develop a youth basketball program,0,,0.00,0.00,,,,"0.00,0.00,0.00,0.00,0.00,0.00,0.00,0.00,0.00,0.00,0.00"
how to do a crossover basketball video,0,,0.00,0.00,,,,"0.00,0.00,0.00,0.00,0.00,0.00,0.00,0.00,0.00,0.00,0.00"
how to do awesome basketball tricks,0,,0.00,0.00,,,,"0.00,0.00,0.00,0.00,0.00,0.00,0.00,0.00,0.00,0.00,0.00"
how to do awesome tricks in basketball,0,,0.00,0.00,,,,"0.00,0.00,0.00,0.00,0.00,0.00,0.00,0.00,0.00,0.00,0.00"
how to do basic basketball tricks,0,,0.00,0.00,,,,"0.00,0.00,0.00,0.00,0.00,0.00,0.00,0.00,0.00,0.00,0.00"
how to do basket in basketball,0,,0.00,0.00,,,,"0.00,0.00,0.00,0.00,0.00,0.00,0.00,0.00,0.00,0.00,0.00"
how to do basketball tricks wikihow,0,,0.00,0.00,,,,"0.00,0.00,0.00,0.00,0.00,0.00,0.00,0.00,0.00,0.00,0.00"
how to do basketball tricks youtube,0,,0.00,0.00,,,,"0.00,0.00,0.00,0.00,0.00,0.00,0.00,0.00,0.00,0.00,0.00"
how to do crazy basketball tricks,0,,0.00,0.00,,,,"0.00,0.00,0.00,0.00,0.00,0.00,0.00,0.00,0.00,0.00,0.00"
how to do freestyle basketball tricks,0,,0.00,0.00,,,,"0.00,0.00,0.00,0.00,0.00,0.00,0.00,0.00,0.00,0.00,0.00"
how to do hip flexor stretch for basketball,0,,0.00,0.00,,,,"0.00,0.00,0.00,0.00,0.00,0.00,0.00,0.00,0.00,0.00,0.00"
how to do perfect basket in basketball,0,,0.00,0.00,,,,"0.00,0.00,0.00,0.00,0.00,0.00,0.00,0.00,0.00,0.00,0.00"
how to do really cool basketball tricks,0,,0.00,0.00,,,,"0.00,0.00,0.00,0.00,0.00,0.00,0.00,0.00,0.00,0.00,0.00"
how to do simple basketball tricks,0,,0.00,0.00,,,,"0.00,0.00,0.00,0.00,0.00,0.00,0.00,0.00,0.00,0.00,0.00"
how to do the spider basketball trick,0,,0.00,0.00,,,,"0.00,0.00,0.00,0.00,0.00,0.00,0.00,0.00,0.00,0.00,0.00"
how to earn a bonus in real basketball,0,,0.00,0.00,,,,"0.00,0.00,0.00,0.00,0.00,0.00,0.00,0.00,0.00,0.00,0.00"
how to edit a basketball uniform picture,0,,0.00,0.00,,,,"0.00,0.00,0.00,0.00,0.00,0.00,0.00,0.00,0.00,0.00,0.00"
how to edit basketball video,0,,0.00,0.00,,,,"0.00,0.00,0.00,0.00,0.00,0.00,0.00,0.00,0.00,0.00,0.00"
how to edit basketball video after effects,0,,0.00,0.00,,,,"0.00,0.00,0.00,0.00,0.00,0.00,0.00,0.00,0.00,0.00,0.00"
how to edit video on hudl basketball,0,,0.00,0.00,,,,"0.00,0.00,0.00,0.00,0.00,0.00,0.00,0.00,0.00,0.00,0.00"
how to end a essay about basketball,0,,0.00,0.00,,,,"0.00,0.00,0.00,0.00,0.00,0.00,0.00,0.00,0.00,0.00,0.00"
how to gain confidence in basketball youtube,0,,0.00,0.00,,,,"0.00,0.00,0.00,0.00,0.00,0.00,0.00,0.00,0.00,0.00,0.00"
how to gain confidence in basketball yt,0,,0.00,0.00,,,,"0.00,0.00,0.00,0.00,0.00,0.00,0.00,0.00,0.00,0.00,0.00"
how to gain confidence in yourself in basketball,0,,0.00,0.00,,,,"0.00,0.00,0.00,0.00,0.00,0.00,0.00,0.00,0.00,0.00,0.00"
how to gain self confidence in basketball,0,,0.00,0.00,,,,"0.00,0.00,0.00,0.00,0.00,0.00,0.00,0.00,0.00,0.00,0.00"
how to grow a basketball program,0,,0.00,0.00,,,,"0.00,0.00,0.00,0.00,0.00,0.00,0.00,0.00,0.00,0.00,0.00"
how to grow confidence in basketball,0,,0.00,0.00,,,,"0.00,0.00,0.00,0.00,0.00,0.00,0.00,0.00,0.00,0.00,0.00"
how to gte basketballs in fortnite downtown drop,0,,0.00,0.00,,,,"0.00,0.00,0.00,0.00,0.00,0.00,0.00,0.00,0.00,0.00,0.00"
how to have killer confidence basketball,0,,0.00,0.00,,,,"0.00,0.00,0.00,0.00,0.00,0.00,0.00,0.00,0.00,0.00,0.00"
how to have self confidence in basketball,0,,0.00,0.00,,,,"0.00,0.00,0.00,0.00,0.00,0.00,0.00,0.00,0.00,0.00,0.00"
how to hold loose items while walking basketball,0,,0.00,0.00,,,,"0.00,0.00,0.00,0.00,0.00,0.00,0.00,0.00,0.00,0.00,0.00"
how to incorporate basketball into your workout,0,,0.00,0.00,,,,"0.00,0.00,0.00,0.00,0.00,0.00,0.00,0.00,0.00,0.00,0.00"
how to install a spalding basketball return,0,,0.00,0.00,,,,"0.00,0.00,0.00,0.00,0.00,0.00,0.00,0.00,0.00,0.00,0.00"
how to install spalding 54 acrylic in ground basketball system,0,,0.00,0.00,,,,"0.00,0.00,0.00,0.00,0.00,0.00,0.00,0.00,0.00,0.00,0.00"
how to install spalding 54 acrylic portable basketball system,0,,0.00,0.00,,,,"0.00,0.00,0.00,0.00,0.00,0.00,0.00,0.00,0.00,0.00,0.00"
how to install spalding 60 in ground glass basketball system,0,,0.00,0.00,,,,"0.00,0.00,0.00,0.00,0.00,0.00,0.00,0.00,0.00,0.00,0.00"
how to install spalding inground basketball system,0,,0.00,0.00,,,,"0.00,0.00,0.00,0.00,0.00,0.00,0.00,0.00,0.00,0.00,0.00"
how to learn basketball reddit,0,,0.00,0.00,,,,"0.00,0.00,0.00,0.00,0.00,0.00,0.00,0.00,0.00,0.00,0.00"
how to lower the shoulder in basketball reddit,0,,0.00,0.00,,,,"0.00,0.00,0.00,0.00,0.00,0.00,0.00,0.00,0.00,0.00,0.00"
how to measure basketball arc,0,,0.00,0.00,,,,"0.00,0.00,0.00,0.00,0.00,0.00,0.00,0.00,0.00,0.00,0.00"
how to measure basketball iq,0,,0.00,0.00,,,,"0.00,0.00,0.00,0.00,0.00,0.00,0.00,0.00,0.00,0.00,0.00"
how to measure consistency in basketball,0,,0.00,0.00,,,,"0.00,0.00,0.00,0.00,0.00,0.00,0.00,0.00,0.00,0.00,0.00"
how to measure inconsistency in basketball,0,,0.00,0.00,,,,"0.00,0.00,0.00,0.00,0.00,0.00,0.00,0.00,0.00,0.00,0.00"
how to measure psi in basketball,0,,0.00,0.00,,,,"0.00,0.00,0.00,0.00,0.00,0.00,0.00,0.00,0.00,0.00,0.00"
how to measure psi of a basketball,0,,0.00,0.00,,,,"0.00,0.00,0.00,0.00,0.00,0.00,0.00,0.00,0.00,0.00,0.00"
how to measure the mass of a basketball,0,,0.00,0.00,,,,"0.00,0.00,0.00,0.00,0.00,0.00,0.00,0.00,0.00,0.00,0.00"
how to measure the temperature of a basketball,0,,0.00,0.00,,,,"0.00,0.00,0.00,0.00,0.00,0.00,0.00,0.00,0.00,0.00,0.00"
how to measure the veolcity of a basketball,0,,0.00,0.00,,,,"0.00,0.00,0.00,0.00,0.00,0.00,0.00,0.00,0.00,0.00,0.00"
how to measure your reach in basketball,0,,0.00,0.00,,,,"0.00,0.00,0.00,0.00,0.00,0.00,0.00,0.00,0.00,0.00,0.00"
how to measure your wingspan for a basketball,0,,0.00,0.00,,,,"0.00,0.00,0.00,0.00,0.00,0.00,0.00,0.00,0.00,0.00,0.00"
how to mount 50 inch spalding basketball,0,,0.00,0.00,,,,"0.00,0.00,0.00,0.00,0.00,0.00,0.00,0.00,0.00,0.00,0.00"
how to never miss a basket in basketball,0,,0.00,0.00,,,,"0.00,0.00,0.00,0.00,0.00,0.00,0.00,0.00,0.00,0.00,0.00"
how to perform basketball tricks,0,,0.00,0.00,,,,"0.00,0.00,0.00,0.00,0.00,0.00,0.00,0.00,0.00,0.00,0.00"
how to pickpocket in basketball reddit,0,,0.00,0.00,,,,"0.00,0.00,0.00,0.00,0.00,0.00,0.00,0.00,0.00,0.00,0.00"
how to press in basketball video,0,,0.00,0.00,,,,"0.00,0.00,0.00,0.00,0.00,0.00,0.00,0.00,0.00,0.00,0.00"
how to properly stretch before a basketball,0,,0.00,0.00,,,,"0.00,0.00,0.00,0.00,0.00,0.00,0.00,0.00,0.00,0.00,0.00"
how to properly stretch before basketball,0,,0.00,0.00,,,,"0.00,0.00,0.00,0.00,0.00,0.00,0.00,0.00,0.00,0.00,0.00"
how to protect the basketball when driving to the basket,0,,0.00,0.00,,,,"0.00,0.00,0.00,0.00,0.00,0.00,0.00,0.00,0.00,0.00,0.00"
how to raise confidence in basketball,0,,0.00,0.00,,,,"0.00,0.00,0.00,0.00,0.00,0.00,0.00,0.00,0.00,0.00,0.00"
how to read a basketball playbook,0,,0.00,0.00,,,,"0.00,0.00,0.00,0.00,0.00,0.00,0.00,0.00,0.00,0.00,0.00"
how to read a basketball scorebook,0,,0.00,0.00,,,,"0.00,0.00,0.00,0.00,0.00,0.00,0.00,0.00,0.00,0.00,0.00"
how to read a basketball spread,0,,0.00,0.00,,,,"0.00,0.00,0.00,0.00,0.00,0.00,0.00,0.00,0.00,0.00,0.00"
how to read a spread basketball,0,,0.00,0.00,,,,"0.00,0.00,0.00,0.00,0.00,0.00,0.00,0.00,0.00,0.00,0.00"
how to read a spread for basketball,0,,0.00,0.00,,,,"0.00,0.00,0.00,0.00,0.00,0.00,0.00,0.00,0.00,0.00,0.00"
how to read and react in basketball,0,,0.00,0.00,,,,"0.00,0.00,0.00,0.00,0.00,0.00,0.00,0.00,0.00,0.00,0.00"
how to read basketball spreads,0,,0.00,0.00,,,,"0.00,0.00,0.00,0.00,0.00,0.00,0.00,0.00,0.00,0.00,0.00"
how to read basketball statistics,0,,0.00,0.00,,,,"0.00,0.00,0.00,0.00,0.00,0.00,0.00,0.00,0.00,0.00,0.00"
how to read defence in basketball,0,,0.00,0.00,,,,"0.00,0.00,0.00,0.00,0.00,0.00,0.00,0.00,0.00,0.00,0.00"
how to read fg in basketball,0,,0.00,0.00,,,,"0.00,0.00,0.00,0.00,0.00,0.00,0.00,0.00,0.00,0.00,0.00"
how to read odds basketball,0,,0.00,0.00,,,,"0.00,0.00,0.00,0.00,0.00,0.00,0.00,0.00,0.00,0.00,0.00"
how to read odds ratio basketball,0,,0.00,0.00,,,,"0.00,0.00,0.00,0.00,0.00,0.00,0.00,0.00,0.00,0.00,0.00"
how to read over under odds basketball,0,,0.00,0.00,,,,"0.00,0.00,0.00,0.00,0.00,0.00,0.00,0.00,0.00,0.00,0.00"
how to read screens in basketball,0,,0.00,0.00,,,,"0.00,0.00,0.00,0.00,0.00,0.00,0.00,0.00,0.00,0.00,0.00"
how to read the defence in basketball,0,,0.00,0.00,,,,"0.00,0.00,0.00,0.00,0.00,0.00,0.00,0.00,0.00,0.00,0.00"
how to read the odss of basketballs,0,,0.00,0.00,,,,"0.00,0.00,0.00,0.00,0.00,0.00,0.00,0.00,0.00,0.00,0.00"
how to read vegas basketball odds,0,,0.00,0.00,,,,"0.00,0.00,0.00,0.00,0.00,0.00,0.00,0.00,0.00,0.00,0.00"
how to read vegas basketball receipt,0,,0.00,0.00,,,,"0.00,0.00,0.00,0.00,0.00,0.00,0.00,0.00,0.00,0.00,0.00"
how to read vegas basketball spreads,0,,0.00,0.00,,,,"0.00,0.00,0.00,0.00,0.00,0.00,0.00,0.00,0.00,0.00,0.00"
how to read vegas odds basketball,0,,0.00,0.00,,,,"0.00,0.17,0.00,0.00,0.00,0.00,0.00,0.00,0.00,0.00,0.11,0.00"
how to rebound basketball video,0,,0.00,0.00,,,,"0.00,0.00,0.00,0.00,0.00,0.00,0.00,0.00,0.00,0.00,0.00"
how to rebound in basketball video,0,,0.00,0.00,,,,"0.00,0.00,0.00,0.00,0.00,0.00,0.00,0.00,0.00,0.00,0.00"
how to rebuild a basketball program,0,,0.00,0.00,,,,"0.00,0.00,0.00,0.00,0.00,0.00,0.00,0.00,0.00,0.00,0.00"
how to reduce tunnel vision basketball reddit,0,,0.00,0.00,,,,"0.00,0.00,0.00,0.00,0.00,0.00,0.00,0.00,0.00,0.00,0.00"
how to referee basketball video,0,,0.00,0.00,,,,"0.00,0.00,0.00,0.00,0.00,0.00,0.00,0.00,0.00,0.00,0.00"
how to regain confidence in basketball,0,,0.00,0.00,,,,"0.00,0.00,0.00,0.00,0.00,0.00,0.00,0.00,0.00,0.00,0.00"
how to regain your confidence in basketball,0,,0.00,0.00,,,,"0.00,0.00,0.00,0.00,0.00,0.00,0.00,0.00,0.00,0.00,0.00"
how to remove permanent marker from a leather basketball,0,,0.00,0.00,,,,"0.00,0.00,0.00,0.00,0.00,0.00,0.00,0.00,0.00,0.00,0.00"
how to remove sharpie from leather basketball,0,,0.00,0.00,,,,"0.00,0.00,0.00,0.00,0.00,0.00,0.00,0.00,0.00,0.00,0.00"
how to repair leather basketball,0,,0.00,0.00,,,,"0.00,0.00,0.00,0.00,0.00,0.00,0.00,0.00,0.00,0.00,0.00"
how to restore a leather basketball,0,,0.00,0.00,,,,"0.00,0.00,0.00,0.00,0.00,0.00,0.00,0.00,0.00,0.00,0.00"
how to sanitize a leather basketball,0,,0.00,0.00,,,,"0.00,0.00,0.00,0.00,0.00,0.00,0.00,0.00,0.00,0.00,0.00"
how to sew a basketball uniform,0,,0.00,0.00,,,,"0.00,0.00,0.00,0.00,0.00,0.00,0.00,0.00,0.00,0.00,0.00"
how to slam a basketball in the basket,0,,0.00,0.00,,,,"0.00,0.00,0.00,0.00,0.00,0.00,0.00,0.00,0.00,0.00,0.00"
how to soften a genuine leather basketball sportsrec,0,,0.00,0.00,,,,"0.00,0.00,0.00,0.00,0.00,0.00,0.00,0.00,0.00,0.00,0.00"
how to soften basketball leather,0,,0.00,0.00,,,,"0.00,0.00,0.00,0.00,0.00,0.00,0.00,0.00,0.00,0.00,0.00"
how to spell basketball in cursive,0,,0.00,0.00,,,,"0.00,0.00,0.00,0.00,0.00,0.00,0.00,0.00,0.00,0.00,0.00"
how to spell basketball in english,0,,0.00,0.00,,,,"0.00,0.00,0.00,0.00,0.00,0.00,0.00,0.00,0.00,0.00,0.00"
how to spell basketball in german,0,,0.00,0.00,,,,"0.00,0.00,0.00,0.00,0.00,0.00,0.00,0.00,0.00,0.00,0.00"
how to spell basketball in irish,0,,0.00,0.00,,,,"0.00,0.00,0.00,0.00,0.00,0.00,0.00,0.00,0.00,0.00,0.00"
how to spell basketball in japanese,0,,0.00,0.00,,,,"0.00,0.00,0.00,0.00,0.00,0.00,0.00,0.00,0.00,0.00,0.00"
how to spell basketball in other languages,0,,0.00,0.00,,,,"0.00,0.00,0.00,0.00,0.00,0.00,0.00,0.00,0.00,0.00,0.00"
how to spell basketball right,0,,0.00,0.00,,,,"0.00,0.00,0.00,0.00,0.00,0.00,0.00,0.00,0.00,0.00,0.00"
how to spell basketball shaark,0,,0.00,0.00,,,,"0.00,0.00,0.00,0.00,0.00,0.00,0.00,0.00,0.00,0.00,0.00"
how to stay confident in basketball,0,,0.00,0.00,,,,"0.00,0.00,0.00,0.00,0.00,0.00,0.00,0.00,0.00,0.00,0.00"
how to stay in the zone basketball,0,,0.00,0.00,,,,"0.00,0.00,0.00,0.00,0.00,0.00,0.00,0.00,0.00,0.00,0.00"
how to stretch achilles tendon before basketball,0,,0.00,0.00,,,,"0.00,0.00,0.00,0.00,0.00,0.00,0.00,0.00,0.00,0.00,0.00"
how to stretch basketball sneakers,0,,0.00,0.00,,,,"0.00,0.00,0.00,0.00,0.00,0.00,0.00,0.00,0.00,0.00,0.00"
how to stretch hamstrins for basketball,0,,0.00,0.00,,,,"0.00,0.00,0.00,0.00,0.00,0.00,0.00,0.00,0.00,0.00,0.00"
how to stretch out basketball sneakers,0,,0.00,0.00,,,,"0.00,0.00,0.00,0.00,0.00,0.00,0.00,0.00,0.00,0.00,0.00"
how to stretch out for basketball reddit,0,,0.00,0.00,,,,"0.00,0.00,0.00,0.00,0.00,0.00,0.00,0.00,0.00,0.00,0.00"
how to stretch the wrist for basketball,0,,0.00,0.00,,,,"0.00,0.00,0.00,0.00,0.00,0.00,0.00,0.00,0.00,0.00,0.00"
how to stretch your arms for basketball,0,,0.00,0.00,,,,"0.00,0.00,0.00,0.00,0.00,0.00,0.00,0.00,0.00,0.00,0.00"
how to stretch your elbow for basketball,0,,0.00,0.00,,,,"0.00,0.00,0.00,0.00,0.00,0.00,0.00,0.00,0.00,0.00,0.00"
how to structure a basketball workout,0,,0.00,0.04,,,,"0.00,0.00,0.00,0.00,0.00,0.00,0.00,0.00,0.00,0.00,1.00"
how to sweeten european basketball contracts,0,,0.00,0.00,,,,"0.00,0.00,0.00,0.00,0.00,0.00,0.00,0.00,0.00,0.00,0.00"
how to thank a basketball program,0,,0.00,0.00,,,,"0.00,0.00,0.00,0.00,0.00,0.00,0.00,0.00,0.00,0.00,0.00"
how to turn a basketball program around,0,,0.00,0.00,,,,"0.00,0.00,0.00,0.00,0.00,0.00,0.00,0.00,0.00,0.00,0.00"
how to turn a pumpkin basket into a basketball,0,,0.00,0.00,,,,"0.00,0.00,0.00,0.00,0.00,0.00,0.00,0.00,0.00,0.00,0.00"
how to turn around a basketball program,0,,0.00,0.00,,,,"0.00,0.00,0.00,0.00,0.00,0.00,0.00,0.00,0.00,0.00,0.00"
how to understand basketball real quick,0,,0.00,0.00,,,,"0.00,0.00,0.00,0.00,0.00,0.00,0.00,0.00,0.00,0.00,0.00"
how to walk on d3 basketball,0,,0.00,0.00,,,,"0.00,0.00,0.00,0.00,0.00,0.00,0.00,0.00,0.00,0.00,0.00"
how to wash a leather basketball,0,,0.00,0.00,,,,"0.00,0.00,0.00,0.00,0.00,0.00,0.00,0.00,0.00,0.00,0.00"
how to wash basketball uniforms,0,,0.00,0.00,,,,"0.00,0.00,0.00,0.00,0.00,0.00,0.00,0.00,0.00,0.00,0.00"
how to wash spalding basketball,0,,0.00,0.00,,,,"0.00,0.00,0.00,0.00,0.00,0.00,0.00,0.00,0.00,0.00,0.00"
how to workout by yourself basketball,0,,0.00,0.00,,,,"0.00,0.00,0.00,0.00,0.00,0.00,0.00,0.00,0.00,0.00,0.00"
how to wrap a basketball reddit,0,,0.00,0.00,,,,"0.00,0.00,0.00,0.00,0.00,0.00,0.00,0.00,0.00,0.00,0.00"
how towatch ku basketball,0,,0.00,0.00,,,,"0.00,0.00,0.00,0.00,0.00,0.00,0.00,0.00,0.00,0.00,0.00"
how you spell basketball in spanish,0,,0.00,0.00,,,,"0.00,0.00,0.00,0.00,0.00,0.00,0.00,0.00,0.00,0.00,0.00"
how.many periods in basketball,0,,0.00,0.00,,,,"0.00,0.00,0.00,0.00,0.00,0.00,0.00,0.00,0.00,0.00,0.00"
is a basketball leather,0,,0.00,0.00,,,,"0.00,0.00,0.00,0.00,0.00,0.00,0.00,0.00,0.00,0.00,0.00"
is basketball a culture complex,0,,0.00,0.00,,,,"0.00,0.00,0.00,0.00,0.00,0.00,0.00,0.00,0.00,0.00,0.00"
is basketball a culture pattern,0,,0.00,0.00,,,,"0.00,0.00,0.00,0.00,0.00,0.00,0.00,0.00,0.00,0.00,0.00"
is basketball an example of culture pattern,0,,0.00,0.00,,,,"0.00,0.00,0.00,0.00,0.00,0.00,0.00,0.00,0.00,0.00,0.00"
is basketball cultural appropriation,0,,0.00,0.00,,,,"0.00,0.00,0.00,0.00,0.00,0.00,0.00,0.00,0.00,0.00,0.00"
is basketball folk culture,0,,0.00,0.00,,,,"0.00,0.00,0.00,0.00,0.00,0.00,0.00,0.00,0.00,0.00,0.00"
is basketball folk or pop culture,0,,0.00,0.00,,,,"0.00,0.00,0.00,0.00,0.00,0.50,0.50,1.00,0.00,0.00,0.00"
is basketball part of populat culture,0,,0.00,0.00,,,,"0.00,0.00,0.00,0.00,0.00,0.00,0.00,0.00,0.00,0.00,0.00"
is basketball pop culture,0,,0.00,0.00,,,,"0.00,0.00,0.00,0.00,0.00,0.00,0.00,0.00,0.00,0.00,0.00"
is basketball pop or folk culture,0,,0.00,0.00,,,,"0.00,0.00,0.00,0.00,0.00,0.00,0.00,1.00,0.00,0.00,0.00"
is basketball ruining international cultures,0,,0.00,0.00,,,,"0.00,0.00,0.00,0.00,0.00,0.00,0.00,0.00,0.00,0.00,0.00"
is basketball scripted reddit,0,,0.00,0.00,,,,"0.00,0.00,0.00,0.00,0.00,0.00,0.00,0.00,0.00,0.00,0.00"
is chuck bell a real person in basketball,0,,0.00,0.00,,,,"0.00,0.00,0.00,0.00,0.00,0.00,0.00,0.00,0.00,0.00,0.00"
is damari baker on uk basketball hurt,0,,0.00,0.00,,,,"0.00,0.00,0.00,0.00,0.00,0.00,0.00,0.00,0.00,0.00,0.00"
is depaul basketball for real,0,,0.00,0.00,,,,"0.00,0.00,0.00,0.00,0.00,0.00,0.00,0.00,0.00,0.00,0.00"
is drew robinson real basketball,0,,0.00,0.00,,,,"0.00,0.00,0.00,0.00,0.00,0.00,0.00,0.00,0.00,0.00,0.00"
is energy conserved when dropping a basketball,0,,0.00,0.00,,,,"0.00,0.00,0.00,0.00,0.00,0.00,0.00,0.00,0.00,0.00,0.00"
is hip checking illegal in basketball,0,,0.00,0.00,,,,"0.00,0.00,0.00,0.00,0.00,0.00,0.00,0.00,0.00,0.00,0.00"
is hooking illegal in basketball,0,,0.00,0.00,,,,"0.00,0.00,0.00,0.00,0.00,0.00,0.00,0.00,0.00,0.00,0.00"
is it illegal to spike in basketball,0,,0.00,0.00,,,,"0.00,0.00,0.00,0.00,0.00,0.00,0.00,0.00,0.00,0.00,0.00"
is it true that basketball is a cardiovascular workout,0,,0.00,0.00,,,,"0.00,0.00,0.00,0.00,0.00,0.00,0.00,0.00,0.00,0.00,0.00"
is jim calipari's basketball program dirty,0,,0.00,0.00,,,,"0.00,0.00,0.00,0.00,0.00,0.00,0.00,0.00,0.00,0.00,0.00"
is kansas city elite youth basketball charge fees,0,,0.00,0.00,,,,"0.00,0.00,0.00,0.00,0.00,0.00,0.00,0.00,0.00,0.00,0.00"
is ku basketball in a tourney,0,,0.00,0.00,,,,"0.00,0.00,0.00,0.00,0.00,0.00,0.00,0.00,0.00,0.00,0.00"
is ku basketball program in trouble,0,,0.00,0.00,,,,"0.00,0.00,0.00,0.00,0.00,0.00,0.00,0.00,0.00,0.00,0.00"
is ku basketball under investigation,0,,0.00,0.00,,,,"0.00,0.00,0.00,0.00,0.00,0.00,0.00,0.00,0.00,0.00,1.00"
is leather basketball waterproof,0,,0.00,0.00,,,,"0.00,0.00,0.00,0.00,0.00,0.00,0.00,0.00,0.00,0.00,0.00"
is lebron the einstein of basketball reddit,0,,0.00,0.00,,,,"0.00,0.00,0.00,0.00,0.00,0.00,0.00,0.00,0.00,0.00,0.00"
is payne injured for uk basketball,0,,0.00,0.00,,,,"0.00,0.00,0.00,0.00,0.00,0.00,0.00,0.00,0.00,0.00,0.00"
is pitt basketball for real,0,,0.00,0.00,,,,"0.00,0.00,0.00,0.00,0.00,0.00,0.00,0.00,0.00,0.00,0.00"
is pro direct basketball legit reddit,0,,0.00,0.00,,,,"0.00,0.00,0.00,0.00,0.00,0.00,0.00,0.00,0.00,0.00,0.00"
is punching a basketball illegal,0,,0.00,0.00,,,,"1.00,0.00,0.00,0.00,0.00"
is saul smith doing now after leaving memphis basketball program,0,,0.00,0.00,,,,"0.00,0.00,0.00,0.00,0.00,0.00,0.00,0.00,0.00,0.00,0.00"
is stickum illegal in basketball,0,,0.00,0.00,,,,"0.00,0.00,0.00,0.00,0.00,0.00,0.00,0.00,0.00,0.00,0.00"
is the outside of a basketball leather,0,,0.00,0.00,,,,"0.00,0.00,0.00,0.00,0.00,0.00,0.00,0.00,0.00,0.00,0.00"
is the prince basketball story true reddit,0,,0.00,0.00,,,,"0.00,0.00,0.00,0.00,0.00,0.00,0.00,0.00,0.00,0.00,0.00"
is the pro hop illegal in basketball,0,,0.00,0.00,,,,"0.00,0.00,0.00,0.00,0.00,0.00,0.00,0.00,0.00,0.00,0.00"
is there a basketball cop program in maine,0,,0.00,0.00,,,,"0.00,0.00,0.00,0.00,0.00,0.00,0.00,0.00,0.00,0.00,0.00"
is there a video showing lebanon tigers basketball 1983,0,,0.00,0.00,,,,"0.00,0.00,0.00,0.00,0.00,0.00,0.00,0.00,0.00,0.00,0.00"
is there any basketball video of benjamin bosmans-verdonk,0,,0.00,0.00,,,,"0.00,0.00,0.00,0.00,0.00,0.00,0.00,0.00,0.00,0.00,0.00"
is there basketball in the uk,0,,0.00,0.00,,,,"1.00,1.00,0.00,0.00,0.00,1.00"
is there luck in basketball reddit,0,,0.00,0.00,,,,"0.00,0.00,0.00,0.00,0.00,0.00,0.00,0.00,0.00,0.00,0.00"
is there such a thing as basketball culture,0,,0.00,0.00,,,,"0.00,0.00,0.00,0.00,0.00,0.00,0.00,0.00,0.00,0.00,0.00"
is titus basketball video real,0,,0.00,0.00,,,,"0.00,0.00,0.00,0.00,0.00,0.00,0.00,0.00,0.00,0.00,0.00"
is uk part of fbi basketball probe,0,,0.00,0.00,,,,"0.00,0.00,0.00,0.00,0.00,0.00,0.00,0.00,0.00,0.00,0.00"
is villanova a blue blood basketball program,0,,0.00,0.00,,,,"0.00,0.00,0.00,0.00,0.00,0.00,0.00,0.00,0.00,0.00,0.00"
is vo2max measured for basketball,0,,0.00,0.00,,,,"0.00,0.00,0.00,0.00,0.00,0.00,0.00,0.00,0.00,0.00,0.00"
should i bulk for basketball reddit,0,,0.00,0.00,,,,"0.00,0.00,0.00,0.00,0.00,0.00,0.00,0.00,0.00,0.00,0.00"
should i stretch before basketball,0,,0.00,0.00,,,,"0.00,0.00,0.00"
should the legal height of basketball basket be raise,0,,0.00,0.00,,,,"0.00,0.00,0.00,0.00,0.00,0.00,0.00,0.00,0.00,0.00,0.00"
should you stretch before or after basketball,0,,0.00,0.00,,,,"0.00,0.00,0.00,0.00,0.00,0.00,0.00,0.00,0.00,0.00,0.00"
was basketball cultural appropriation,0,,0.00,0.00,,,,"0.00,0.00,0.00,0.00,0.00,0.00,0.00,0.00,0.00,0.00,0.00"
were any of thd playrrs in hoosiers real basketball playrrs,0,,0.00,0.00,,,,"0.00,0.00,0.00,0.00,0.00,0.00,0.00,0.00,0.00,0.00,0.00"
were basketballs once illegal on jinmen matsu,0,,0.00,0.00,,,,"0.00,0.00,0.00,0.00,0.00,0.00,0.00,0.00,0.00,0.00,0.00"
were basketballs once illegal on kinmen matsu,0,,0.00,0.00,,,,"0.00,0.00,0.00,0.00,0.00,0.00,0.00,0.00,0.00,0.00,0.00"
what age real.basketball,0,,0.00,0.00,,,,"0.00,0.00,0.00,0.00,0.00,0.00,0.00,0.00,0.00,0.00,0.00"
what are espana basketball uniform colors,0,,0.00,0.00,,,,"0.00,0.00,0.00,0.00,0.00,0.00,0.00,0.00,0.00,0.00,0.00"
what are illegal basketball numbers,0,,0.00,0.00,,,,"0.00,0.00,0.00,0.00,0.00,0.00,0.00,0.00,0.00,0.00,0.00"
what are illegal numbers in basketball,0,,0.00,0.00,,,,"0.00,0.00,0.00,0.00"
what are some basketball workouts,0,,0.00,0.00,,,,"0.00,0.00,0.00,0.00,0.00,0.00,0.00,0.00,0.00,0.00,0.00"
what are the dynamic stretching in basketball,0,,0.00,0.00,,,,"0.00,0.00,0.00,0.00,0.00,0.00,1.00,0.00,0.00,0.00,0.00"
what are the illegal numbers in basketball,0,,0.00,0.00,,,,"0.00,0.00,0.00,0.00,0.00,0.00,0.00,0.00,0.00,0.00,0.00"
what are the posotions that you walk to in basketball,0,,0.00,0.00,,,,"0.00,0.00,0.00,0.00,0.00,0.00,0.00,0.00,0.00,0.00,0.00"
what are the zones in basketball,0,,0.00,0.00,,,,"0.00,0.00,0.00,0.00,0.00,0.00,0.00,0.00,0.00,0.00,0.00"
what basketball programs ku hates,0,,0.00,0.00,,,,"0.00,0.00,0.00,0.00,0.00,0.00,0.00,0.00,0.00,0.00,0.00"
what city is the sweet 16 in basketball,0,,0.00,0.00,,,,"0.00,0.00,0.00,0.00,0.00,0.00,0.00,0.00,0.00,0.00,0.00"
what color is the leather of the basketball,0,,0.00,0.00,,,,"0.00,0.00,0.00,0.00,0.00,0.00,0.00,0.00,0.00,0.00,0.00"
what company owns wilson basketball,0,,0.00,0.00,,,,"0.00,0.00,0.00,0.00,0.00,0.00,0.00,0.00,0.00,0.00,0.00"
what company provides florida gators basketball uniforms,0,,0.00,0.00,,,,"0.00,0.00,0.00,0.00,0.00,0.00,0.00,0.00,0.00,0.00,0.00"
what company sponsors north carolina basketball uniforms,0,,0.00,0.00,,,,"0.00,0.00,0.00,0.00,0.00,0.00,0.00,0.00,0.00,0.00,0.00"
what constitutes a walk in basketball,0,,0.00,0.00,,,,"0.00,0.00,0.00,0.00,0.00,0.00,0.00,0.00,0.00,0.00,0.00"
what constitutes illegal personal contact in basketball,0,,0.00,0.00,,,,"0.00,0.00,0.00,0.00,0.00,0.00,0.00,0.00,0.00,0.00,0.00"
what constitutes walking in basketball,0,,0.00,0.00,,,,"0.00,0.00,0.00,0.00,0.00,0.00,0.00,0.00,0.00,0.00,0.00"
what countries have basketball,0,,0.00,0.00,,,,"0.00,0.00,0.00,0.00,0.00,0.00,0.00,0.00,0.00,0.00,0.00"
what countries okay basketball,0,,0.00,0.00,,,,"0.00,0.00,0.00,0.00,0.00,0.00,0.00,0.00,0.00,0.00,0.00"
what country basketball,0,,0.00,0.00,,,,"0.00,0.00,0.00,0.00,0.00,0.00,0.00,0.00,0.00,0.00,0.00"
what country did basketball begin,0,,0.00,0.00,,,,"0.00,0.00,0.00,0.00,0.00,0.00,0.00,0.00,0.00,0.00,0.00"
what country founded basketball,0,,0.00,0.00,,,,"0.00,0.00,0.00,0.00,0.00,0.00,0.00,0.00,0.00,0.00,0.00"
what country has the worst basketball,0,,0.00,0.00,,,,"0.00,0.00,0.00,0.00,0.00,0.00,0.00,0.00,0.00,0.00,0.00"
what country is bladder in a basketball from,0,,0.00,0.00,,,,"0.00,0.00,0.00,0.00,0.00,0.00,0.00,0.00,0.00,0.00,0.00"
what country is the worst at basketball,0,,0.00,0.00,,,,"0.00,0.00,0.00,0.00,0.00,0.00,0.00,0.00,0.00,0.00,0.00"
what country produces basketballs,0,,0.00,0.00,,,,"0.00,0.00,0.00,0.00,0.00,0.00,0.00,0.00,0.00,0.00,0.00"
what country was basketball founded in,0,,0.00,0.00,,,,"0.00,0.00,0.00,0.00,0.00,0.00,0.00,0.00,0.00,0.00,0.00"
what culture is basketball,0,,0.00,0.00,,,,"0.00,0.00,0.00,0.00,0.00,0.00,0.00,0.00,0.00,0.00,0.00"
what culture of basketball,0,,0.00,0.00,,,,"0.00,0.00,0.00,0.00,0.00,0.00,0.00,0.00,0.00,0.00,0.00"
what determines a charge in basketball,0,,0.00,0.00,,,,"0.00,0.00,0.00,0.00,0.00,0.00,0.00,0.00,0.00,0.00,0.00"
what does a new spalding basketball cost,0,,0.00,0.00,,,,"0.00,0.00,0.00,0.00,0.00,0.00,0.00,0.00,0.00,0.00,0.00"
what does stretcher do in basketball,0,,0.00,0.00,,,,"0.00,0.00,0.00,0.00,0.00,0.00,0.00,0.00,0.00,0.00,0.00"
what does the wilson x connected basketball do,0,,0.00,0.00,,,,"0.00,0.00,0.00,0.00,0.00,0.00,0.00,0.00,0.00,0.00,0.00"
what ended the shortest basketball career,0,,0.00,0.00,,,,"0.00,0.00,0.00,0.00,0.00,0.00,0.00,0.00,0.00,0.00,0.00"
what famous rapper is a fan of uk basketball,0,,0.00,0.00,,,,"0.00,0.00,0.00,0.00,0.00,0.00,0.00,0.00,0.00,0.00,0.00"
what glue to repair basketball leather,0,,0.00,0.00,,,,"0.00,0.00,0.00,0.00,0.00,0.00,0.00,0.00,0.00,0.00,0.00"
what if basketball videos,0,,0.00,0.00,,,,"0.00,0.00,0.00,0.00,0.00,0.00,0.00,0.00,0.00,0.00,0.00"
what in on minnesota uniform basketball,0,,0.00,0.00,,,,"0.00,0.00,0.00,0.00,0.00,0.00,0.00,0.00,0.00,0.00,0.00"
what in on minnesota uniform basketball iv,0,,0.00,0.00,,,,"0.00,0.00,0.00,0.00,0.00,0.00,0.00,0.00,0.00,0.00,0.00"
what is 15 feet from basket basketball,0,,0.00,0.00,,,,"0.00,0.00,0.00,0.00,0.00,0.00,0.00,0.00,0.00,0.00,0.00"
what is 7 baskets in basketball,0,,0.00,0.00,,,,"0.00,0.00,0.00,0.00,0.00,0.00,0.00,0.00,0.00,0.00,0.00"
what is a basketball feeder program,0,,0.00,0.00,,,,"0.00,0.00,0.00,0.00,0.00,0.00,0.00,0.00,0.00,0.00,0.00"
what is a basketball video coordinator,0,,0.00,0.00,,,,"0.00,0.00,0.00,0.00,0.00,0.00,0.00,0.00,0.00,0.00,0.00"
what is a basketball walk on,0,,0.00,0.00,,,,"0.00,0.00,0.00"
what is a basketball walk through,0,,0.00,0.00,,,,"0.00,0.00,0.00,0.00,0.00,0.00,0.00,0.00,0.00,0.00,0.00"
what is a basketball workout,0,,0.00,0.00,,,,"0.00,0.00,0.00,0.00,0.00,0.00,0.00,0.00,0.00,0.00,0.00"
what is a bonus in real basketball,0,,0.00,0.00,,,,"0.00,0.00,0.00,0.00,0.00,0.00,0.00,0.00,0.00,0.00,0.00"
what is a composite leather basketball,0,,0.00,0.00,,,,"0.00,0.00,0.00,0.00,0.00,0.00,0.00,0.00,0.00,0.00,0.00"
what is a drop foot in basketball,0,,0.00,0.00,,,,"0.00,0.00,0.00,0.00,0.00,0.00,0.00,0.00,0.00,0.00,0.00"
what is a feeder basketball program,0,,0.00,0.00,,,,"0.00,0.00,0.00,0.00,0.00,0.00,0.00,0.00,0.00,0.00,0.00"
what is a hot zone in basketball,0,,0.00,0.00,,,,"0.00,0.00,0.00,0.00,0.00,0.00,0.00,0.00,0.00,0.00,0.00"
what is a matchup zone in basketball,0,,0.00,0.00,,,,"0.00,0.00,0.00,0.00,0.00,0.00,0.00,0.00,0.00,0.00,0.00"
what is a no zone in basketball,0,,0.00,0.00,,,,"0.00,0.00,0.00,0.00,0.00,0.00,0.00,0.00,0.00,0.00,0.00"
what is a peach basket in basketball,0,,0.00,0.00,,,,"0.00,0.00,0.00,0.00,0.00,0.00,0.00,0.00,0.00,0.00,0.00"
what is a period in basketball,0,,0.00,0.00,,,,"0.00,0.00,0.00,0.00,0.00,0.00,0.00,0.00,0.00,0.00,0.00"
what is a preferred walk on basketball,0,,0.00,0.00,,,,"0.00,0.00,0.00,0.00,0.00,0.00,0.00,0.00,0.00,0.00,0.00"
what is a stretch five in basketball,0,,0.00,0.00,,,,"0.00,0.00,0.00,0.00,0.00,0.00,0.00,0.00,0.00,0.00,0.00"
what is a stretch four in basketball,0,,0.00,0.00,,,,"0.00,0.00,0.00,0.00,0.00,0.00,0.00,0.00,0.00,0.00,1.00"
what is a stretch in basketball,0,,0.00,0.00,,,,"0.00,0.00,0.00,0.00,0.00,0.00,0.00,0.00"
what is a tear drop in basketball,0,,0.00,0.00,,,,"0.00,0.00,0.00,0.00,0.00,0.00,0.00,0.00,0.00,0.00,0.00"
what is a walk off in basketball,0,,0.00,0.00,,,,"0.00,0.00,0.00,0.00,0.00,0.00,0.00,0.00,0.00,0.00,0.00"
what is a walk on for basketball,0,,0.00,0.00,,,,"0.00,0.00,0.00,0.00,0.00,0.00,0.00,0.00,0.00,0.00,0.00"
what is a walk over in basketball,0,,0.00,0.00,,,,"0.00,0.00,0.00,0.00,0.00,0.00,0.00,0.00,0.00,0.00,0.00"
what is a walk through in basketball,0,,0.00,0.00,,,,"0.00,0.00,0.00,0.00,0.00,0.00,0.00,0.00,0.00,0.00,0.00"
what is a walk-on in basketball,0,,0.00,0.00,,,,"0.00,1.00,0.00,0.00,0.00,0.00"
what is a word program for basketball,0,,0.00,0.00,,,,"0.00,0.00,0.00,0.00,0.00,0.00,0.00,0.00,0.00,0.00,0.00"
what is a zone press in basketball,0,,0.00,0.00,,,,"0.00,0.00,0.00,0.00,0.00,0.00,0.00,0.00,0.00,0.00,0.00"
what is after sweet 16 in basketball,0,,0.00,0.00,,,,"0.00,0.00,0.00,0.00,0.00,0.00,0.00,0.00,0.00,0.00,0.00"
what is an illegal substitution in basketball,0,,0.00,0.00,,,,"0.00,0.00,0.00,0.00,0.00,0.00,0.00,0.00,0.00,0.00,0.00"
what is another term for making a basket in basketball,0,,0.00,0.00,,,,0.00
what is basketball in the uk,0,,0.00,0.00,,,,"0.00,0.00,0.00,0.00,0.00,0.00,0.00,0.00,0.00,0.00,0.00"
what is basketball uniform,0,,0.00,0.00,,,,"0.00,0.00,0.00,0.00,0.00,0.00,0.00,0.00,0.00,0.00,0.00"
what is birdman's real name basketball,0,,0.00,0.00,,,,"0.00,0.00,0.00,0.00,0.00,0.00,0.00,0.00,0.00,0.00,0.00"
what is boogie's real name basketball,0,,0.00,0.00,,,,"0.00,0.00,0.00,0.00,0.00,0.00,0.00,0.00,0.00,0.00,0.00"
what is chalk trends in sweet 16 basketball,0,,0.00,0.00,,,,"0.00,0.00,0.00,0.00,0.00,0.00,0.00,0.00,0.00,0.00,0.00"
what is down the stretch in basketball,0,,0.00,0.00,,,,"0.00,0.00,0.00,0.00,0.00,0.00,0.00,0.00,0.00,0.00,0.00"
what is drop coverage basketball,0,,0.00,0.00,,,,"0.00,0.00,0.00,0.00,0.00,0.00,0.00,0.00,0.00,0.00,0.00"
what is drop foot basketball,0,,0.00,0.00,,,,"0.00,0.00,0.00,0.00,0.00,0.00,0.00,0.00,0.00,0.00,0.00"
what is drop in basketball,0,,0.00,0.00,,,,"0.00,0.00,0.00,0.00,0.00,0.00,0.00,0.00,0.00,0.00,0.00"
what is dropping a dime in basketball,0,,0.00,0.00,,,,"0.00,0.00,0.00,0.00,0.00,0.00,0.00,0.00,0.00,0.00,0.00"
what is illegal defence in basketball,0,,0.00,0.00,,,,"0.00,0.00,0.00,0.00,0.00,0.00,0.00,0.00,0.00,0.00,0.00"
what is illegal in the restricted area basketball,0,,0.00,0.00,,,,"0.00,0.00,0.00,0.00,0.00,0.00,0.00,0.00,0.00,0.00,0.00"
what is illegal personal contact in basketball,0,,0.00,0.00,,,,"0.00,0.00,0.00,0.00,0.00,0.00,0.00,0.00,0.00,0.00,0.00"
what is illegal physical contact in basketball,0,,0.00,0.00,,,,"0.00,0.00,0.00,0.00,0.00,0.00,0.00,0.00,0.00,0.00,0.00"
what is match up zone in basketball,0,,0.00,0.00,,,,"0.00,0.00,0.00,0.00,0.00,0.00,0.00,0.00,0.00,0.00,0.00"
what is preferred walk on status in basketball,0,,0.00,0.00,,,,"0.00,0.00,0.00,0.00,0.00,0.00,0.00,0.00,0.00,0.00,0.00"
what is restricted zone in basketball,0,,0.00,0.00,,,,"0.00,0.00,0.00,0.00,0.00,0.00,0.00,0.00,0.00,0.00,0.00"
what is stretch 4 in basketball,0,,0.00,0.00,,,,"0.00,0.00,0.00,0.00,0.00,0.00,0.00,0.00,0.00,0.00,1.00"
what is sweet 16 in terms of basketball,0,,0.00,0.00,,,,"0.00,0.00,0.00,0.00,0.00,0.00,0.00,0.00,0.00,0.00,0.00"
what is the a on ucf basketball uniforms,0,,0.00,0.00,,,,"0.00,0.00,0.00,0.00,0.00,0.00,0.00,0.00,0.00,0.00,0.00"
what is the a on ucf uniforms basketball,0,,0.00,0.00,,,,"0.00,0.00,0.00,0.00,0.00,0.00,0.00,0.00,0.00,0.00,0.00"
what is the american basket basketball association,0,,0.00,0.00,,,,"0.00,0.00,0.00,0.00,0.00,0.00,0.00,0.00,0.00,0.00,0.00"
what is the ap basketball poll,0,,0.00,0.00,,,,"0.00,0.00,0.00,0.00,0.00,0.00,0.00,0.00,0.00,0.00,0.00"
what is the ap poll basketball,0,,0.00,0.00,,,,"0.00,0.00,0.00,0.00,0.00,0.00,0.00,0.00,0.00,0.00,0.00"
what is the arc under the basket in basketball,0,,0.00,0.00,,,,"0.00,0.00,0.00,0.00,0.00,0.00,0.00,0.00,0.00,0.00,0.00"
what is the basic uniform for basketball,0,,0.00,0.00,,,,"0.00,0.00,0.00,0.00,0.00,0.00,0.00,0.00,0.00,0.00,0.00"
what is the basket in basketball,0,,0.00,0.00,,,,"0.00,0.00,0.00,0.00,0.00,0.00,0.00,0.00,0.00,0.00,0.00"
what is the birdmans real name basketball,0,,0.00,0.00,,,,"0.00,0.00,0.00,0.00,0.00,0.00,0.00,0.00,0.00,0.00,0.00"
what is the charge circle in basketball,0,,0.00,0.00,,,,"0.00,0.00,0.00,0.00,0.00,0.00,0.00,0.00,0.00,0.00,0.00"
what is the culture of basketball,0,,0.00,0.00,,,,0.00
what is the definition of a charge in basketball,0,,0.00,0.00,,,,"0.00,0.00,0.00,0.00,0.00,0.00,0.00,0.00,0.00,1.00,1.00"
what is the elam ending basketball,0,,0.00,0.00,,,,"0.00,0.00,0.00,0.00,0.00,0.00,0.00,0.00,0.00,0.00,0.00"
what is the end zone in basketball,0,,0.00,0.00,,,,"0.00,0.00,0.00,0.00,0.00,0.00,0.00,0.00,0.00,0.00,0.00"
what is the length of neutral zone in basketball,0,,0.00,0.00,,,,"0.00,0.00,0.00,0.00,0.00,0.00,0.00,1.00,0.00,0.00,0.66"
what is the measure of a basketball board,0,,0.00,0.00,,,,"0.00,0.00,0.00,0.00,0.00,0.00,0.00,0.00,0.00,0.00,0.00"
what is the name of uk basketball member named anthony,0,,0.00,0.00,,,,"0.00,0.00,0.00,0.00,0.00,0.00,0.00,0.00,0.00,0.00,0.00"
what is the neutral zone in basketball,0,,0.00,0.00,,,,"0.00,0.00,0.00,0.00,0.00,0.00,0.00,0.00,0.00,0.00,0.00"
what is the no charge semi circle basketball,0,,0.00,0.00,,,,"0.00,0.00,0.00,0.00,0.00,0.00,0.00,0.00,0.00,0.00,0.00"
what is the no charge zone in basketball,0,,0.00,0.00,,,,"0.00,0.00,0.00,0.00,0.00,0.00,0.00,0.00,0.00,0.00,0.00"
what is the popularity by country of basketball,0,,0.00,0.00,,,,"0.00,0.00,0.00,0.00,0.00,0.00,0.00,0.00,0.00,0.00,0.00"
what is the pretzel walk in basketball,0,,0.00,0.00,,,,"0.00,0.00,0.00,0.00,0.00,0.00,0.00,0.00,0.00,0.00,0.00"
what is the probability of making a basket in basketball,0,,0.00,0.00,,,,"0.00,0.00,0.00,0.00,0.00,0.00,0.00,0.00,0.00,0.00,0.00"
what is the professor's real name basketball,0,,0.00,0.00,,,,"0.00,0.00,0.00,0.00,0.00,0.00,0.00,0.00,0.00,0.00,0.00"
what is the purpose of basketball uniform,0,,0.00,0.00,,,,"0.00,0.00,0.00,0.00,0.00,0.00,0.00,0.00,0.00,0.00,0.00"
what is the rip nacc basketball poll,0,,0.00,0.00,,,,"0.00,0.00,0.00,0.00,0.00,0.00,0.00,0.00,0.00,0.00,0.00"
what is the sign for a charge in basketball,0,,0.00,0.00,,,,"0.00,0.00,0.00,0.00,0.00,0.00,0.00,0.00,0.00,0.00,0.00"
what is the significance of purdues basketball uniforms,0,,0.00,0.00,,,,"0.00,0.00,0.00,0.00,0.00,0.00,0.00,0.00,0.00,0.00,0.00"
what is the small arc under the basket in basketball,0,,0.00,0.00,,,,"0.00,0.00,0.00,0.00,0.00,0.00,0.00,0.00,0.00,0.00,0.00"
what is the uniform for basketball offcial,0,,0.00,0.00,,,,"0.00,0.00,0.00,0.00,0.00,0.00,0.00,0.00,0.00,0.00,0.00"
what is the uniform requirement for a basketball referee,0,,0.00,0.00,,,,"0.00,0.00,0.00,0.00,0.00,0.00,0.00,0.00,0.00,0.00,0.00"
what is the zone press in basketball,0,,0.00,0.00,,,,"0.00,0.00,0.00,0.00,0.00,0.00,0.00,0.00,0.00,0.00,0.00"
what is toe walk in basketball,0,,0.00,0.00,,,,"0.00,0.00,0.00,0.00,0.00,0.00,0.00,0.00,0.00,0.00,0.00"
what is zone d in basketball,0,,0.00,0.00,,,,"0.00,0.00,0.00,0.00,0.00,0.00,0.00,0.00,0.00,0.00,0.00"
what is zone offence in basketball,0,,0.00,0.00,,,,"0.00,0.00,0.00,0.00,0.00,0.00,0.00,0.00,0.00,0.00,0.00"
what is zone press in basketball,0,,0.00,0.00,,,,"0.00,0.00,0.00,0.00,0.00,0.00,0.00,0.00,0.00,0.00,0.00"
what kind of impact does basketball have on our culture,0,,0.00,0.00,,,,"0.00,0.00,0.00,0.00,0.00,0.00,0.00,0.00,0.00,0.00,0.00"
what kind of workout is basketball,0,,0.00,0.00,,,,"0.00,0.00,0.00,0.00,0.00,0.00,0.00,0.00,0.00,0.00,0.00"
what mineral does basketball leather,0,,0.00,0.00,,,,"0.00,0.00,0.00,0.00,0.00,0.00,0.00,0.00,0.00,0.00,0.00"
what muscles do basketball workout,0,,0.00,0.00,,,,"0.00,0.00,0.00,0.00,0.00,0.00,0.00,0.00,0.00,0.00,0.00"
what muscles should you workout for basketball,0,,0.00,0.00,,,,"0.00,0.00,0.00,0.00,0.00,0.00,0.00,0.00,0.00,0.00,0.00"
what muscles to workout for basketball,0,,0.00,0.00,,,,"0.00,0.00,0.00,0.00,0.00,0.00,0.00,0.00,0.00,0.00,0.00"
what numbers are illegal in basketball,0,,0.00,0.00,,,,"0.00,0.00,0.00,0.00,0.00,1.00,1.00,0.00,0.00,0.00,0.00"
what part in a basketball is leather,0,,0.00,0.00,,,,"0.00,0.00,0.00,0.00,0.00,0.00,0.00,0.00,0.00,0.00,0.00"
what part of a basketball is leather,0,,0.00,0.00,,,,"0.00,0.00,0.00,0.00,0.00,0.00,0.00,0.00,0.00,0.00,0.00"
what part of the country is basketball,0,,0.00,0.00,,,,"0.00,0.00,0.00,0.00,0.00,0.00,0.00,0.00,0.00,0.00,0.00"
what part on a basketball is leather,0,,0.00,0.00,,,,"0.00,0.00,0.00,0.00,0.00,0.00,0.00,0.00,0.00,0.00,0.00"
what place is uk in basketball,0,,0.00,0.00,,,,"0.00,0.00,0.00,0.00,0.00,0.00,0.00,0.00,0.00,0.00,0.00"
what psi should a basketball be reddit,0,,0.00,0.00,,,,"0.00,0.00,0.00,0.00,0.00,0.00,0.00,0.00,0.00,0.00,0.00"
what should you include in a basketball highlight video,0,,0.00,0.00,,,,"0.00,0.00,0.00,0.00,0.00,0.00,0.00,0.00,0.00,0.00,0.00"
what should you workout for basketball reddit,0,,0.00,0.00,,,,"0.00,0.00,0.00,0.00,0.00,0.00,0.00,0.00,0.00,0.00,0.00"
what static stretches to do before basketball,0,,0.00,0.00,,,,"0.00,0.00,0.00,0.00,0.00,0.00,0.00,0.00,0.00,0.00,0.00"
what the role of a stretch four in basketball,0,,0.00,0.00,,,,"0.00,0.00,0.00,0.00,0.00,0.00,0.00,0.00,0.00,0.00,0.00"
what the trick ping pong indoor basketball trickshots,0,,0.00,0.00,,,,"0.00,0.00,0.00,0.00,0.00,0.00,0.00,0.00,0.00,0.00,0.00"
what to eat before a basketball workout,0,,0.00,0.00,,,,"0.00,0.00,0.00,0.00,0.00,0.00,0.00,0.00,0.00,0.00,0.00"
what to look for in a basketball program,0,,0.00,0.00,,,,"0.00,0.00,0.00,0.00,0.00,0.00,0.00,0.00,0.00,0.00,0.00"
what type of workout is basketball,0,,0.00,0.00,,,,"1.00,0.00,0.00,0.00,0.00,0.00,0.00,0.00,0.00,0.00,1.00"
what was basketballs effect on culture,0,,0.00,0.00,,,,"0.00,0.00,0.00,0.00,0.00,0.00,0.00,0.00,0.00,0.00,0.00"
what workouts should i do for basketball reddit,0,,0.00,0.00,,,,"0.00,0.00,0.00,0.00,0.00,0.00,0.00,0.00,0.00,0.00,0.00"
what's a stretch 4 in basketball,0,,0.00,0.00,,,,"0.00,0.00,0.00,0.00,0.00,0.00,0.00,0.00,0.00,0.00,0.00"
what's a walk on in basketball,0,,0.00,0.00,,,,"0.00,0.00,0.00"
what's the basket ratio in basketball,0,,0.00,0.00,,,,"0.00,0.00,0.00,0.00,0.00,0.00,0.00,0.00,0.00,0.00,0.00"
what's the latest on ku basketball news,0,,0.00,0.00,,,,"0.00,0.00,0.00,0.00,0.00,0.00,0.00,0.00,0.00,0.00,0.00"
what's with chattanooga mocs basketball uniforms,0,,0.00,0.00,,,,"0.00,0.00,0.00,0.00,0.00,0.00,0.00,0.00,0.00,0.00,0.00"
when are ap basketball polls released,0,,0.00,0.00,,,,"0.00,0.00,0.00,0.00,0.00,0.00,0.00,0.00,0.00,0.00,0.00"
when are basketball polls released,0,,0.00,0.00,,,,"0.00,0.00,0.00,0.00,0.00,0.00,0.00,0.00,0.00,0.00,0.00"
when did 6 on 6 basketball end in oklahoma,0,,0.00,0.00,,,,"0.00,0.00,0.00,0.00,0.00,0.00,0.00,0.00,0.00,0.00,0.00"
when did 6-on-6 basketball end,0,,0.00,0.00,,,,"0.00,0.00,0.00,0.00,0.00,0.00,0.00,0.00,0.00,1.00,0.00"
when did segregation end for basketball,0,,0.00,0.00,,,,"0.00,0.00,0.00,0.00,0.00,0.00,0.00,0.00,0.00,0.00,0.00"
when did ucla's basketball dynasty end,0,,0.00,0.00,,,,"0.00,0.00,0.00,0.00,0.00,0.00,0.00,0.00,0.00,0.00,0.00"
when do the ap polls update basketball,0,,0.00,0.00,,,,"0.00,0.00,0.00,0.00,0.00,0.00,0.00,0.00,0.00,0.00,0.00"
when does a basket count in basketball,0,,0.00,0.00,,,,"0.00,0.00,0.00,0.00,0.00,0.00,0.00,0.00,0.00,0.00,0.00"
when does ap basketball poll update,0,,0.00,0.00,,,,"0.00,0.00,0.00,0.00,0.00,0.00,0.00,1.00,0.00,0.00,0.00"
when does ap poll update basketball,0,,0.00,0.00,,,,"0.00,0.00,0.00,0.00,0.00,0.00,0.00,0.00,0.00,0.00,0.00"
when does arizona basketball end,0,,0.00,0.00,,,,"0.00,0.00,0.00,0.00,0.00,0.00,0.00,0.00,0.00,0.00,0.00"
when does basketball end 2021,0,,0.00,0.00,,,,"0.00,0.00,0.00,0.00,0.00,0.00,0.00,0.00,0.00,0.00,0.00"
when does highschool basketball end,0,,0.00,0.00,,,,"0.00,0.00,0.00,0.00,0.00,0.00,0.00,0.00,0.00,0.00,0.00"
when does highschool basketball seanon end,0,,0.00,0.00,,,,"0.00,0.00,0.00,0.00,0.00,0.00,0.00,0.00,0.00,0.00,0.00"
when does pc fryers basketball end,0,,0.00,0.00,,,,"0.00,0.00,0.00,0.00,0.00,0.00,0.00,0.00,0.00,0.00,0.00"
when does preseason end for basketball,0,,0.00,0.00,,,,"0.00,0.00,0.00,0.00,0.00,0.00,0.00,0.00,0.00,0.00,0.00"
when does the ap basketball poll update,0,,0.00,0.00,,,,"0.00,0.00,0.00,0.00,0.00,0.00,0.00,1.00,0.00,0.00,0.00"
when does the ap poll update basketball,0,,0.00,0.00,,,,"0.00,0.00,0.00,0.00,0.00,0.00,0.00,0.00,0.00,0.00,0.00"
when does uf basketball student registration end,0,,0.00,0.00,,,,"0.00,0.00,0.00,0.00,0.00,0.00,0.00,0.00,0.00,0.00,0.00"
when does waiver period end yahoo basketball,0,,0.00,0.00,,,,"0.00,0.00,0.00,0.00,0.00,0.00,0.00,0.00,0.00,0.00,0.00"
when does yahoo basketball public rotisserie end,0,,0.00,0.00,,,,"0.00,0.00,0.00,0.00,0.00,0.00,0.00,0.00,0.00,0.00,0.00"
when does yahoo basketball public rotisserie end 2017,0,,0.00,0.00,,,,"0.00,0.00,0.00,0.00,0.00,0.00,0.00,0.00,0.00,0.00,0.00"
when is ap poll released basketball,0,,0.00,0.00,,,,"0.00,0.00,0.00,0.00,0.00,0.00,0.33,1.00,0.00,0.00,0.00"
when is basketball ap poll updated,0,,0.00,0.00,,,,"0.00,0.00,0.00,0.00,0.00,1.00,0.00,0.00,0.00,0.00,0.00"
when is basketball charging not enforced,0,,0.00,0.00,,,,"0.00,0.00,0.00,0.00,0.00,0.00,0.00,0.00,0.00,0.00,0.00"
when is it a charge in basketball,0,,0.00,0.00,,,,"0.00,0.00,0.00,0.00,0.00,0.00,0.00,0.00,0.00,1.00,1.00"
when is ku basketball parade,0,,0.00,0.00,,,,0.00
when is new ap basketball poll released,0,,0.00,0.00,,,,"0.00,0.00,0.00,0.00,0.00,0.00,0.00,0.00,0.00,0.00,0.00"
when is sweet 16 basketball 2017,0,,0.00,0.00,,,,"0.00,0.00,0.00,0.00,0.00,0.00,0.00,0.00,0.00,0.00,0.00"
when is sweet 16 basketball 2020,0,,0.00,0.00,,,,"0.00,0.00,0.00,0.00,0.00,0.00,0.00,0.00,0.00,0.00,0.00"
when is sweet 16 basketball 2021,0,,0.00,0.00,,,,"0.00,0.00,0.00,0.00,0.00,0.00,0.00,0.00,0.00,0.00,0.00"
when is the ap basketball poll released each week,0,,0.00,0.00,,,,"0.00,0.00,0.00,0.00,0.00,0.00,0.00,0.00,0.00,0.00,0.00"
when is the ap top 25 basketball poll released,0,,0.00,0.00,,,,"0.00,0.00,0.00,0.00,0.00,0.00,0.00,1.00,0.00,0.00,0.00"
when is the basketball ap poll released,0,,0.00,0.00,,,,"1.00,0.00,0.00,0.00"
when is the new ap basketball poll released,0,,0.00,0.00,,,,"0.00,0.00,0.00,0.00,0.00,0.00,1.00,1.00,0.00,0.00,0.00"
when is weekly ap basketball poll released,0,,0.00,0.00,,,,"0.00,0.00,0.00,0.00,0.00,0.00,0.00,0.00,0.00,0.00,0.00"
when to release basketball reddit,0,,0.00,0.00,,,,"0.00,0.00,0.00,0.00,0.00,0.00,0.00,0.00,0.00,0.00,0.00"
when was dining illegal in collegiate basketball,0,,0.00,0.00,,,,"0.00,0.00,0.00,0.00,0.00,0.00,0.00,0.00,0.00,0.00,0.00"
when was ku basketball founded,0,,0.00,0.00,,,,"0.00,0.00,0.00,0.00,0.00,0.00,0.00,0.00,0.00,0.00,0.00"
when was no charge circle basketball,0,,0.00,0.00,,,,"0.00,0.00,0.00,0.00,0.00,0.00,0.00,0.00,0.00,0.00,0.00"
when was uk basketball established,0,,0.00,0.00,,,,"0.00,0.00,0.00,0.00,0.00,0.00,0.00,0.00,0.00,0.00,0.00"
when your whole squad trash at basketball video,0,,0.00,0.00,,,,"0.00,0.00,0.00,0.00,0.00,0.00,0.00,0.00,0.00,0.00,0.00"
when your whole squad trash at basketball video download,0,,0.00,0.00,,,,"0.00,0.00,0.00,0.00,0.00,0.00,0.00,0.00,0.00,0.00,0.00"
when your whole squad trash at basketball video downlod,0,,0.00,0.00,,,,"0.00,0.00,0.00,0.00,0.00,0.00,0.00,0.00,0.00,0.00,0.00"
when your whole squad trash at basketball video reddit,0,,0.00,0.00,,,,"0.00,0.00,0.00,0.00,0.00,0.00,0.00,0.00,0.00,0.00,0.00"
where are highlight videos of mizzou basketball,0,,0.00,0.00,,,,"0.00,0.00,0.00,0.00,0.00,0.00,0.00,0.00,0.00,0.00,0.00"
where basketball sneakers sale the most in which countries,0,,0.00,0.00,,,,"0.00,0.00,0.00,0.00,0.00,0.00,0.00,0.00,0.00,0.00,0.00"
where is ku basketball,0,,0.00,0.00,,,,"0.00,0.00,0.00,0.00,0.00,0.00,0.00,0.00,0.00,0.00,0.00"
where is mitch lightfoot ku basketball from,0,,0.00,0.00,,,,"0.00,0.00,0.00,0.00,0.00,0.00,0.00,0.00,0.00,0.00,0.00"
where is the sweet 16 basketball,0,,0.00,0.00,,,,"0.00,0.00,0.00,0.00,0.00,0.00,0.00,0.00,0.00,0.00,0.00"
where is uk basketball,0,,0.00,0.00,,,,"0.00,0.00,0.00,0.00,0.00,0.00,0.00,0.00,0.00,0.00,0.00"
which basketball poll does espn recognize,0,,0.00,0.00,,,,"0.00,0.00,0.00,0.00,0.00,0.00,0.00,0.00,0.00,0.00,0.00"
which brand for basketball uniforms,0,,0.00,0.00,,,,"0.00,0.00,0.00,0.00,0.00,0.00,0.00,0.00,0.00,0.00,0.00"
which country discovered basketball,0,,0.00,0.00,,,,"0.00,0.00,0.00,0.00,0.00,0.00,0.00,0.00"
which country has the most gold medals in basketball,0,,0.00,0.00,,,,"0.00,1.00,1.00,0.00,0.00,0.00,0.00,0.00,0.00,0.00,0.00"
which country is famous for basketball,0,,0.00,0.00,,,,"0.00,0.00,0.00,0.00,0.00,0.00,0.00,0.00,0.00,0.00,0.00"
which ladies are leaving the usf basketball program,0,,0.00,0.00,,,,"0.00,0.00,0.00,0.00,0.00,0.00,0.00,0.00,0.00,0.00,0.00"
which of the following constitutes illegal contact nfhs basketball,0,,0.00,0.00,,,,"1.00,0.00,0.00,0.00,0.00,0.00,0.00"
which spalding basketball,0,,0.00,0.00,,,,"0.00,0.00,0.00,0.00,0.00,0.00,0.00,0.00,0.00,0.00,0.00"
who approvesmemorial patch on basketball uniform,0,,0.00,0.00,,,,"0.00,0.00,0.00,0.00,0.00,0.00,0.00,0.00,0.00,0.00,0.00"
who covers ku basketball for wichita eagle,0,,0.00,0.00,,,,"0.00,0.00,0.00,0.00,0.00,0.00,0.00,0.00,0.00,0.00,0.00"
who designed carolina tarheels basketball uniform,0,,0.00,0.00,,,,"0.00,0.00,0.00,0.00,0.00,0.00,0.00,0.00,0.00,0.00,0.00"
who has covid on ku basketball,0,,0.00,0.00,,,,"0.00,0.00,0.00,0.00,0.00,0.00,0.00,0.00,0.00,0.00,0.00"
who is in the sweet sixteen basketball,0,,0.00,0.00,,,,"0.00,0.00,0.00,0.00,0.00,0.00,0.00,0.00,0.00,1.00,0.00"
who is leaving ku basketball,0,,0.00,0.00,,,,"0.00,0.00,0.00,0.00,0.00,0.00,0.00,0.00,0.00,0.00,0.00"
who is left in the sweet 16 basketball,0,,0.00,0.00,,,,"0.00,0.00,0.00,0.00,0.00,0.00,0.00,0.00,0.00,1.00,1.00"
who is the owner of real madrid basketball,0,,0.00,0.00,,,,"0.00,0.00,0.00,0.00,0.00,0.00,0.00,0.00,0.00,0.00,0.00"
who is the person on the spalding basketball,0,,0.00,0.00,,,,"0.00,0.00,0.00,0.00,0.00,0.00,0.00,0.00,0.00,0.00,0.00"
who is the real basketball goat,0,,0.00,0.00,,,,"0.00,0.00,0.00,0.00,0.00,0.00,0.00,0.00,0.00,0.00,0.00"
who is the real goat of basketball,0,,0.00,0.00,,,,"0.00,0.00,0.00,0.00,0.00,0.00,0.00,0.00,0.00,0.00,0.00"
who left the utep basketball program,0,,0.00,0.00,,,,"0.00,0.00,0.00,0.00,0.00,0.00,0.00,0.00,0.00,0.00,0.00"
who owns wilson basketball,0,,0.00,0.26,,,,"0.00,0.00,0.00,0.00,0.00,0.00,0.00,0.00,0.00,0.00,1.00"
who votes in the ap basketball poll,0,,0.00,0.00,,,,"0.00,0.00,0.00,0.00,0.00,0.00,0.00,0.00,0.00,0.00,0.00"
who was in charge of usa basketball,0,,0.00,0.00,,,,"0.00,0.00,0.00,0.00,0.00,0.00,0.00,0.00,0.00,0.00,0.00"
who was on uk 1998 basketball roster,0,,0.00,0.00,,,,"0.00,0.00,0.00,0.00,0.00,0.00,0.00,0.00,0.00,0.00,0.00"
who was on uk 1998 champion basketball roster,0,,0.00,0.00,,,,"0.00,0.00,0.00,0.00,0.00,0.00,0.00,0.00,0.00,0.00,0.00"
why am i not confident in basketball,0,,0.00,0.00,,,,"0.00,0.00,0.00,0.00,0.00,0.00,0.00,0.00,0.00,0.00,0.00"
why are gootbal away uniform white and basketball home,0,,0.00,0.00,,,,"0.00,0.00,0.00,0.00,0.00,0.00,0.00,0.00,0.00,0.00,0.00"
why are northwestern basketball uniforms black and gold,0,,0.00,0.00,,,,"0.00,0.00,0.00,0.00,0.00,0.00,0.00,0.00,0.00,0.00,0.00"
why did lagerald vick leave ku basketball,0,,0.00,0.00,,,,"0.00,0.00,0.00,0.00,0.00,0.00,0.00,0.00,0.00,0.00,0.00"
why did miami drop basketball,0,,0.00,0.00,,,,"0.00,0.00,0.00,0.00,0.00,0.00,0.00,0.00,0.00,0.00,0.00"
why did tyler curry leave the uw badger basketball program,0,,0.00,0.00,,,,"0.00,0.00,0.00,0.00,0.00,0.00,0.00,0.00,0.00,0.00,0.00"
why did vick leave ku basketball,0,,0.00,0.00,,,,"0.00,0.00,0.00,0.00,0.00,0.00,0.00,0.00,0.00,0.00,0.00"
why do basketball uniforms not have 6 through 9,0,,0.00,0.00,,,,"0.00,0.00,0.00,0.00,0.00,0.00,0.00,0.00,0.00,0.00,0.00"
why do basketballs have spalding on them,0,,0.00,0.00,,,,"0.00,0.00,0.00,0.00,0.00,0.00,0.00,0.00,0.00,0.00,0.00"
why do chinese basketball uniforms have english writing,0,,0.00,0.00,,,,"0.00,0.00,0.00,0.00,0.00,0.00,0.00,0.00,0.00,0.00,0.00"
why does china suck at basketball reddit,0,,0.00,0.00,,,,"0.00,0.00,0.00,0.00,0.00,0.00,0.00,0.00,0.00,0.00,0.00"
why hate basketball reddit,0,,0.00,0.00,,,,"0.00,0.00,0.00,0.00,0.00,0.00,0.00,0.00,0.00,0.00,0.00"
why i hate basketball reddit,0,,0.00,0.00,,,,"0.00,0.00,0.00,0.00,0.00,0.00,0.00,0.00,0.00,0.00,0.00"
why is 7 illegal in basketball,0,,0.00,0.00,,,,"0.00,0.00,0.00,0.00,0.00,0.00,0.00,0.00,0.00,0.00,0.00"
why is basketball great reddit,0,,0.00,0.00,,,,"0.00,0.00,0.00,0.00,0.00,0.00,0.00,0.00,0.00,0.00,0.00"
why is basketball still in 720p reddit,0,,0.00,0.00,,,,"0.00,0.00,0.00,0.00,0.00,0.00,0.00,0.00,0.00,0.00,0.00"
why is ku basketball in trouble,0,,0.00,0.00,,,,"0.00,0.00,0.00,0.00,0.00,0.00,0.00,0.00,0.00,0.00,1.00"
why is vick out of ku basketball,0,,0.00,0.00,,,,"0.00,0.00,0.00,0.00,0.00,0.00,0.00,0.00,0.00,0.00,0.00"
why isnt basketball association famous in philippines reddit,0,,0.00,0.00,,,,"0.00,0.00,0.00,0.00,0.00,0.00,0.00,0.00,0.00,0.00,0.00"
why join a competitive basketball program,0,,0.00,0.00,,,,"0.00,0.00,0.00,0.00,0.00,0.00,0.00,0.00,0.00,0.00,0.00"
why sweet 16 basketball,0,,0.00,0.00,,,,"0.00,0.00,0.00,0.00,0.00,0.00,0.00,0.00,0.00,0.00,0.00"
would dropping a basketball from a skyscraper kill,0,,0.00,0.00,,,,"0.00,0.00,0.00,0.00,0.00,0.00,0.00,0.00,0.00,0.00,0.00"
would dropping a basketball from a skyscraper kill a cjild,0,,0.00,0.00,,,,"0.00,0.00,0.00,0.00,0.00,0.00,0.00,0.00,0.00,0.00,0.00"
would i measure a basketball in grams or kilograms,0,,0.00,0.00,,,,"0.00,0.00,0.00,0.00,0.00,0.00,0.00,0.00,0.00,0.00,0.00"
